Date,Month,Buying_Wealth,Renting_Wealth,Wealth_Difference,Buying_Equity,Buying_CumulativeCosts,Renting_InvestmentValue,Renting_CumulativeRent
2025-11-30,1,-6879.897557694196,250131.78066267504,257011.67822036924,36645.268813401024,43525.16637109522,251413.53634685132,1281.7556841762982
2025-12-31,2,-7398.603670041062,250268.2803319,257666.88400194107,37671.972956699086,45070.57662674015,252835.0650337181,2566.784701818102
2026-01-31,3,-7905.075654876418,250402.62603955402,258307.70169443043,38713.539832786046,46618.615487662464,254264.63125045283,3862.0052108988266
2026-02-28,4,-8399.96163152156,250532.28172720212,258932.24335872367,39769.36076911172,48169.32240063328,255702.2804424179,5169.998715215758
2026-03-31,5,-8885.647271494483,250661.47325007943,259547.12052157393,40837.08266666447,49722.729938158955,257148.0583119304,6486.585061850964
2026-04-30,6,-9364.400048544128,250795.58064957056,260159.9806981147,41914.464075522614,51278.86412406674,258602.010819715,7806.430170144463
2026-05-31,7,-9838.089130650093,250930.16227747573,260768.25140812583,42999.65644876403,52837.74557941412,260064.18418636502,9134.0219088893
2026-06-30,8,-10308.206616188741,251068.37615100178,261376.58276719053,44091.18399344105,54399.390609629794,261534.62489381168,10466.248742809912
2026-07-31,9,-10775.933913565583,251206.75812693904,261982.69204050463,45187.87818709531,55963.81210066089,263013.37968680175,11806.621559862704
2026-08-31,10,-11242.204332666028,251350.1381374396,262592.3424701056,46288.81590198283,57531.02023464886,264500.4955743838,13150.357436944223
2026-09-30,11,-11707.75461456443,251497.53590085576,263205.2905154202,47393.26844239948,59101.02305696391,265996.0198314021,14498.483930546352
2026-10-31,12,-12173.166071045845,251647.92955151424,263821.09562256007,48500.66085351075,60673.8269245566,267500.0,15852.070448485762
2026-11-30,13,-12638.897177089755,251800.0810827259,264438.97825981566,49610.53968319134,62249.436860281094,269012.4838911309,17212.402808404982
2026-12-31,14,-13105.309341047338,251953.98321758368,265059.29255863104,50722.54749182443,63827.85683287177,270533.51958607836,18579.53636849467
2027-01-31,15,-13572.687270167306,252109.62895103908,265682.3162212064,51836.402707997884,65409.08997816519,272063.15543798456,19953.526486945484
2027-02-28,16,-14041.255062831697,252267.01155143903,266308.26661427075,52951.88371106432,66993.13877389602,273601.4400733871,21334.428521948077
2027-03-31,17,-14511.18892372484,252426.12456207242,266937.31348579726,54068.81625408458,68580.00517780942,275148.42239376553,22722.297831693108
2027-04-30,18,-14982.627210542923,252586.96180272382,267569.5890132667,55187.06352624568,70169.6907367886,276704.15157709504,24117.189774371232
2027-05-31,19,-15455.678372235125,252749.51737123742,268205.19574347255,56306.5183008452,71762.19667308033,278268.6770794105,25519.159708173105
2027-06-30,20,-15930.427221264326,252913.7856450891,268844.21286635345,57427.09673116036,73357.52395242469,279842.0486363785,26928.262991289383
2027-07-31,21,-16406.939889517453,253079.76128296717,269486.7011724846,58548.73344836937,74955.67333788682,281424.3162648779,28344.554981910725
2027-08-31,22,-16885.267744120632,253247.43922636285,270132.7069704835,59671.3776882707,76556.64543239133,283015.53026459063,29768.091038227783
2027-09-30,23,-17365.450481438384,253416.81470116903,270782.2651826074,60794.99023089171,78160.44071233009,284615.74121960026,31198.926518431217
2027-10-31,24,-17847.51857172721,253587.88321928825,271435.40179101547,61919.54098238985,79767.05955411706,286224.99999999994,32637.11678071168
2027-11-30,25,-18331.49519071805,253760.64058025024,272092.1357709683,63045.007064452075,81376.50225517013,287843.3577635101,34082.71718325983
2027-12-31,26,-18817.397745803406,253935.08287283752,272752.4806186409,64171.37130468621,82988.76905048962,289470.86595710384,35535.783084266324
2028-01-31,27,-19305.239081906853,254111.2064767216,273416.4455586284,65298.62104385067,84603.86012575752,291107.5763186434,36996.36984192182
2028-02-29,28,-19795.02843425874,254289.0080641072,274084.0364983659,66426.74719342898,86221.77562768772,292753.5408785242,38464.53281441697
2028-03-31,29,-20286.77218119279,254468.48460138665,274755.25678257947,67555.7434910112,87842.515672204,294408.8119613291,39940.32735994243
2028-04-30,30,-20780.47443893281,254649.63335080282,275430.10778973566,68685.605911969,89466.08035090182,296073.4421874917,41423.808836688855
2028-05-31,31,-21276.137531529486,254832.45187212236,276108.58940365183,69816.33220462446,91092.46973615394,297747.4844749693,42915.032602846906
2028-06-30,32,-21773.762362149064,255016.9380243178,276790.70038646687,70947.9215229956,92721.68388514467,299430.992040925,44414.05401660724
2028-07-31,33,-22273.348706416524,255203.08996725886,277476.4386736754,72080.37413664078,94353.7228430573,301124.01840341935,45920.92843616051
2028-08-31,34,-22774.895444171052,255390.90616341465,278165.8016075857,73213.6912014217,95988.58664559275,302826.617383112,47435.711219697376
2028-09-30,35,-23278.400742558893,255580.38537956378,278858.78612212266,74347.87457840066,97626.27532095955,304538.8431049723,48958.45772540849
2028-10-31,36,-23783.862200675983,255771.52668851544,279555.38888919144,75482.92669077031,99266.7888914463,306260.74999999994,50489.22331148451
2028-11-30,37,-24291.27696382944,255964.32947083964,280255.6064346691,76618.85041083451,100910.12737466395,307992.39280695573,52028.06333611609
2028-12-31,38,-24800.64181379402,256158.79341660722,280959.4352304012,77755.64897073354,102556.29078452756,309733.8265741011,53575.03315749389
2029-01-31,39,-25311.953240100833,256354.91852713987,281666.8717672407,78893.32589193108,104205.27913203191,311485.1066609484,55130.188133808566
2029-02-28,40,-25825.20749633918,256552.7051167701,282377.9126131093,80031.88492952517,105857.09242586435,313246.2887400209,56693.58362325077
2029-03-31,41,-26340.400644616486,256752.15381461094,283092.5544592274,81171.33002827258,107511.73067288907,315017.4287986221,58265.274984011165
2029-04-30,42,-26857.528590661343,256953.26556633567,283810.794156997,82311.66528786835,109169.1938785297,316798.5831406161,59845.3175742804
2029-05-31,43,-27376.587111533096,257156.04163596802,284532.6287475011,83452.89493553853,110829.48204707162,318589.8083882172,61433.76675224914
2029-06-30,44,-27897.5718774899,257360.4836076817,285258.0554851716,84595.023304411,112492.5951819009,320391.16148378974,63030.67787610803
2029-07-31,45,-28420.478469240406,257566.59338761098,285987.0718568514,85738.05481645258,114158.53328569299,322202.6996916587,64636.10630404773
2029-08-31,46,-28945.30239154848,257774.3732056709,286719.6755972194,86881.99396901333,115827.29636056181,324024.4805999298,66250.1073942589
2029-09-30,47,-29472.039083955344,257983.8256173881,287455.86470134347,88026.84532422235,117498.88440817769,325856.5621223203,67872.7365049322
2029-10-31,48,-30000.68392922479,258194.95350574167,288195.63743496645,89172.6135006356,119173.2974298604,327699.00249999994,69504.04899425828
2029-11-30,49,-30531.23225998864,258407.76008301484,288938.9923430035,90319.30316666409,120850.53542665273,329551.86030344263,71144.10022042779
2029-12-31,50,-31063.679363970077,258622.2488926568,289685.9282566269,91466.91903540856,122530.59839937864,331415.1944342882,72792.9455416314
2030-01-31,51,-31598.02048808339,258838.42381115508,290436.4442992385,92615.46586060576,124213.48634868916,333289.06412721484,74450.64031605975
2030-02-28,52,-32134.250841645582,259056.2890499188,291190.5398915644,93764.9484334531,125899.19927509868,335173.5289518223,76117.23990190352
2030-03-31,53,-32672.3655988861,259275.84915717228,291948.2147560584,94915.37158012757,127587.73717901367,337068.64881452563,77792.79965735335
2030-04-30,54,-33212.359900902055,259497.1090198593,292709.46892076137,96066.74015985322,129279.10006075527,338974.4839604592,79477.3749405999
2030-05-31,55,-33754.22885717476,259720.07386555852,293474.3027227333,97219.05906340247,130973.28792057723,340891.09497539233,81171.02110983382
2030-06-30,56,-34297.967546739965,259944.74926440918,294242.71681114915,98372.33321194007,132670.30075868004,342818.54278765497,82873.79352324577
2030-07-31,57,-34843.57101908399,260171.1411310484,295014.7121501324,99526.56755613815,134370.13857522214,344756.8886700748,84585.7475390264
2030-08-31,58,-35391.0342948231,260399.25572655853,295790.29002138163,100681.76707550557,136072.80137032867,346706.1942419249,86306.93851536638
2030-09-30,59,-35940.35236621197,260629.09966042632,296569.4520266383,101837.93677788661,137778.28914409858,348666.5214708827,88037.42181045636
2030-10-31,60,-36491.52019751616,260860.6798925129,297352.20009002904,102995.08169909383,139486.60189661,350637.93267499993,89777.252782487
2030-11-30,61,-37044.532725277735,261094.0037350346,298138.5364603123,104153.2069026469,141197.73962792463,352620.49052468356,91526.48678964896
2030-12-31,62,-37599.384858495876,261329.07885455544,298928.4637130513,105312.31747959545,142911.70233809133,354614.2580446883,93285.17919013288
2031-01-31,63,-38156.07147874011,261565.91327399042,299721.9847527305,106472.41854840849,144628.4900271486,356619.29861611984,95053.38534212942
2031-02-28,64,-38714.587440210715,261804.51537462062,300519.1028148313,107633.51525491622,146348.10269512693,358635.6759784499,96831.16060382924
2031-03-31,65,-39274.92756975652,262044.89389811942,301319.82146787597,108795.61277229385,148070.54034205037,360663.4542315424,98618.560333423
2031-04-30,66,-39837.08666685925,262287.05794859,302124.14461544924,109958.7163010787,149795.80296793795,362702.69783769135,100415.63988910135
2031-05-31,67,-40401.05950359127,262531.01699461485,302932.0764982061,111122.8310692134,151523.89057280467,364753.4716236698,102222.45462905496
2031-06-30,68,-40966.84082455232,262776.7808713163,303743.6216958687,112287.9623321101,153254.8031566624,366815.8407827908,104039.05991147447
2031-07-31,69,-41534.425346788805,263024.35978242947,304558.78512921825,113454.11537273176,154988.54071952056,368889.87087698,105865.51109455054
2031-08-31,70,-42103.8077597002,263273.7643023858,305377.57206208596,114621.29550168634,156725.10326138654,370975.6278388596,107701.86353647383
2031-09-30,71,-42674.982724934234,263525.00537840946,306199.9881033437,115789.50805733196,158464.4907822662,373073.17797384446,109548.172595435
2031-10-31,72,-43247.94487627337,263778.09433262516,307026.03920889855,116958.75840589078,160206.70328216415,375182.5879622499,111404.49362962469
2031-11-30,73,-43822.688819514326,264033.04286417784,307855.7316836922,118129.05194156975,161951.74076108407,377303.92486141145,113270.88199723358
2031-12-31,74,-44399.20913234184,264289.8630513642,308689.07218370604,119300.39408668701,163699.60321902885,379437.2561078165,115147.3930564523
2032-01-31,75,-44977.50036419777,264548.56735377666,309526.0677179744,120472.79029180299,165450.29065600075,381582.64951924817,117034.08216547153
2032-02-29,76,-45557.55703614617,264809.16861445946,310366.72565060563,121646.24603585541,167203.80307200158,383740.1732969414,118931.00468248191
2032-03-31,77,-46139.37364073543,265071.6800620763,311211.0537028117,122820.76682629736,168960.1404670328,385909.8960277504,120838.21596567411
2032-04-30,78,-46722.94464185738,265336.11531309097,312059.0599549484,123996.35819923811,170719.3028410955,388091.88668632973,122755.77137323878
2032-05-31,79,-47308.264474604366,265602.4883739601,312910.7528485644,125173.02571958618,172481.29019419054,390286.21463732666,124683.72626336657
2032-06-30,80,-47895.32754512419,265870.813643338,313766.14118846215,126350.7749811945,174246.1025263187,392492.94963758613,126622.13599424814
2032-07-31,81,-48484.12823047335,266141.1059142945,314625.23414476786,127529.61160700713,176013.73983748048,394712.16183836863,128571.05592407414
2032-08-31,82,-49074.66087846871,266413.38037654455,315488.04125501326,128709.5412492076,177784.2021276763,396943.9217875798,130530.54141103524
2032-09-30,83,-49666.919807537924,266687.65261869144,316354.57242622937,129890.56958936865,179557.48939690657,399188.3004320136,132500.6478133221
2032-10-31,84,-50260.89930656829,266963.938630482,317224.83793705027,131072.70233860324,181333.60164517153,401445.3691196074,134481.43048912537
2032-11-30,85,-50856.59363475494,267242.25480507454,318098.8484398295,132255.94523771646,183112.5388724714,403715.1996017102,136472.94479663568
2032-12-31,86,-51453.997021447285,267522.61794131994,318976.6149627672,133440.30405735906,184894.30107880634,405997.86403536366,138475.24609404372
2033-01-31,87,-52053.103665995004,267805.04524605547,319858.14891205047,134625.7845981815,186678.8882641765,408293.4349855956,140488.38973954014
2033-02-28,88,-52653.907737592875,268089.55433641165,320743.4620740045,135812.3926909891,188466.30042858198,410601.9854277272,142512.43109131558
2033-03-31,89,-53256.403375124326,268376.16324213217,321632.5666172565,137000.13419689855,190256.53757202288,412923.5887496929,144547.42550756072
2033-04-30,90,-53860.58468700448,268664.8904079066,322525.47509491106,138189.01500749477,192049.59969449925,415258.3187543728,146593.42834646621
2033-05-31,91,-54466.4457510222,268955.7546957168,323422.200446739,139379.04104498896,193845.48679601116,417606.2496619395,148650.4949662227
2033-06-30,92,-55073.98061418097,269248.77538719634,324322.7560013773,140570.21826237766,195644.19887655863,419967.45611221716,150718.68072502082
2033-07-31,93,-55683.18329253921,269543.9721860031,325227.1554785423,141762.55264360248,197445.7359361417,422342.0131670544,152798.04098105128
2033-08-31,94,-56294.04777104972,269841.3652202056,326135.41299125535,142956.05020371068,199250.0979747604,424729.99631271034,154888.6310925047
2033-09-30,95,-56906.568003397784,270140.97504468274,327047.5430480805,144150.71698901698,201057.28499241476,427131.4814622545,156990.50641757174
2033-10-31,96,-57520.737911839096,270442.82264353684,327963.56055537594,145346.55907726567,202867.29698910477,429546.5449579799,159103.72231444306
2033-11-30,97,-58136.55138703619,270746.9294325206,328883.48081955675,146543.58257779427,204680.13396483046,431975.2635738299,161228.33414130931
2033-12-31,98,-58754.00228789466,271053.31726147793,329807.3195493726,147741.79363169716,206495.79591959182,434417.7145178391,163364.39725636118
2034-01-31,99,-59373.08444139766,271362.00841679797,330735.09285819565,148941.19841199124,208314.2828533889,436873.9754345873,165511.96701778928
2034-02-28,100,-59993.791642440396,271673.0256238838,331666.8172663242,150141.80312378128,210135.59476622168,439344.12440766813,167671.09878378428
2034-03-31,101,-60616.11765366307,271986.3920496345,332602.5097032975,151343.6140044271,211959.73165809017,441828.23996217136,169841.84791253685
2034-04-30,102,-61240.056205283414,272302.13130494126,333542.18751022464,152546.63732371095,213786.69352899436,444326.4010671789,172024.26976223764
2034-05-31,103,-61865.6009949283,272620.2674471979,334485.8684421262,153750.87938400597,215616.48037893427,446838.68713827524,174218.41969107732
2034-06-30,104,-62492.74568746399,272940.8249828259,335433.5706702899,154956.3465204459,217449.09220790988,449365.1780400724,176424.3530572465
2034-07-31,105,-63121.48391482621,273263.8288698123,336385.3127846385,156163.04510109502,219284.52901592123,451905.9540887482,178642.1252189359
2034-08-31,106,-63751.80927584876,273589.3045202639,337341.1137961127,157370.98152711953,221122.7908029683,454461.0960546,180871.7915343361
2034-09-30,107,-64383.715336091554,273917.27780297445,338300.99313906603,158580.16223295953,222963.87756905108,457030.6851646123,183113.40736163783
2034-10-31,108,-65017.195627667505,274247.7750460068,339264.97067367425,159790.59368650208,224807.78931416958,459614.8031050385,185367.02805903173
2034-11-30,109,-65652.2436490691,274580.8230392896,340233.0666883587,161002.28238925472,226654.52603832382,462213.53202399804,187632.7089847084
2034-12-31,110,-66288.85286499301,274916.4490372292,341205.3019022222,162215.23487652076,228504.08774151377,464826.9545340878,189910.5054968586
2035-01-31,111,-66927.01670616504,275254.6807613355,342181.6974675005,163429.4577175744,230356.47442373945,467455.15371500835,192200.47295367287
2035-02-28,112,-67566.7285691631,275595.54640286294,343162.274972026,164644.95751583774,232211.68608500084,470098.2131162049,194502.66671334195
2035-03-31,113,-68207.98181623983,275939.07462546683,344147.05644170666,165861.74090905814,234069.72272529796,472756.2167595233,196817.14213405646
2035-04-30,114,-68850.76977514438,276285.2945678743,345136.0643430187,167079.81456948642,235930.5843446308,475429.24914188136,199143.95457400705
2035-05-31,115,-69495.08573894275,276634.2358465701,346129.32158551284,168299.18520405662,237794.27094299937,478117.3952379545,201483.1593913844
2035-06-30,116,-70140.92296583764,276985.9285584983,347126.8515243359,169519.85955456604,239660.78252040368,480820.7405028774,203834.81194437915
2035-07-31,117,-70788.2746789873,277340.4032837785,348128.6779627658,170741.8443978564,241530.1190768437,483539.3708749605,206198.96759118198
2035-08-31,118,-71437.13406632325,277697.6910884385,349134.8251547618,171965.1465459962,243402.28061231945,486273.372778422,208575.68168998352
2035-09-30,119,-72087.4942803673,278057.82352716074,350145.3178075281,173189.7728464636,245277.2671268309,489022.83312613517,210965.00959897443
2035-10-31,120,-72739.34843804731,278420.8326460458,351160.18108409306,174415.7301823308,247155.0786203781,491787.83932239114,213367.00667634537
2035-11-30,121,-73149.87899483024,278786.87070715765,351936.7497019879,175886.54636740775,249036.425362238,494568.4792656778,215781.60855852012
2035-12-31,122,-73557.6740723514,279155.9599605558,352713.6340329072,177363.64768905606,250921.32176140745,497364.8413514739,218208.8813909181
2036-01-31,123,-73962.72101194461,279528.12280899315,353490.8438209378,178847.0612736671,252809.7822856117,500177.01447505894,220648.89166606579
2036-02-29,124,-74365.0070955035,279903.381808921,354268.3889044245,180336.8143660401,254701.82146154362,503005.0880343392,223101.70622541817
2036-03-31,125,-74764.51954519856,280281.7596715002,355046.2792166987,181832.93432990558,256597.45387510414,505849.15193269,225567.39226118982
2036-04-30,126,-75161.24552319251,280663.27926361747,355824.52478681,183335.448648451,258496.69417164352,508709.2965818131,228046.01731819558
2036-05-31,127,-75555.1721313546,281047.9636089104,356603.135740265,184844.3849248491,260399.5570562037,511585.6129046112,230537.64929570083
2036-06-30,128,-75946.28641097358,281435.8358887973,357382.1222997709,186359.77088278788,262306.05729376146,514478.1923380788,233042.35644928153
2036-07-31,129,-76334.57534246898,281826.9194435136,358161.4947859826,187881.63436700398,264216.20970947295,517387.1268362077,235560.20739269405
2036-08-31,130,-76720.02584510137,282221.2377731569,358941.2636182583,189410.0033438174,266130.02918891876,520312.50887291157,238091.27109975467
2036-09-30,131,-77102.6247766806,282618.8145387355,359721.4393154161,190944.90590166964,268047.53067835025,523254.43144496466,240635.61690622917
2036-10-31,132,-77482.35893327359,283019.6735632264,360502.0324965,192486.37025166326,269968.72918493685,526212.9880749586,243193.31451173214
2036-11-30,133,-77859.21504890965,283423.8388326389,361283.0538815486,194034.42472810467,271893.6397770143,529188.2728142752,245764.43398163628
2036-12-31,134,-78233.17979528534,283831.3344970852,362064.5142923705,195589.09778904886,273822.2775843342,532180.3802460771,248349.04574899186
2037-01-31,135,-78604.23978146719,284242.18487185694,362846.4246533241,197150.41801684664,275754.6577983138,535189.4054883131,250947.22061645612
2037-02-28,136,-78972.38155359321,284656.41443851014,363628.79599210335,198718.41411869478,277690.795672288,538215.444196743,253559.02975823282
2037-03-31,137,-79337.59159457328,285074.04784595635,364411.63944052963,200293.1149271878,279630.7065217611,541258.5925679783,256184.54472202196
2037-04-30,138,-79699.85632378765,285495.1099115601,365194.96623534773,201874.54940087302,281574.40572466067,544318.9473425399,258823.83743097982
2037-05-31,139,-80059.16209678398,285919.6256222449,365978.7877190289,203462.74662480765,283521.90872159164,547396.6058079341,261476.98018568917
2037-06-30,140,-80415.49520497341,286347.62013560435,366763.1153405778,205057.7358111186,285473.231016092,550491.6658017442,264144.04566613986
2037-07-31,141,-80768.84187532472,286779.1187810224,367547.9606563471,206659.54629956442,287428.38817488914,553604.2257147422,266825.1069337198
2037-08-31,142,-81119.18827005703,287214.14706079883,368333.33533085586,208268.20755810046,289387.3958281575,556734.3844940154,269520.23743321653
2037-09-30,143,-81466.52048633125,287652.7306512832,369119.2511376144,209883.74918344582,291350.2696697771,559882.2416461121,272229.5109948289
2037-10-31,144,-81810.82455593982,288094.8954040157,369905.71995995555,211506.20090165333,293317.02545759315,563047.8972402056,274953.0018361898
2037-11-30,145,-82152.08644499505,288540.6673468753,370692.7537918703,213135.5925686819,295287.67901367694,566231.4519112746,277690.7845643993
2037-12-31,146,-82490.29205361614,288990.0726852343,371480.36473885045,214771.95417097135,297262.2462245875,569433.0068633024,280442.9341780681
2038-01-31,147,-82825.4272156141,289443.13780312246,372268.5650187365,216415.31582602023,299240.7430416343,572652.663872495,283209.5260693725
2038-02-28,148,-83157.47769817588,289899.8892643957,373057.36696257157,218065.70778296562,301223.1854811415,575890.5252905149,285990.63602611923
2038-03-31,149,-83486.42920154653,290360.3538139147,373846.78301546123,219723.160423166,303209.58962471253,579146.6940477367,288786.340233822
2038-04-30,150,-83812.26735870994,290824.55837872956,374636.8257374395,221387.7042607866,305199.97161949653,582421.2736565177,291596.7152777882
2038-05-31,151,-84134.97773506795,291292.53006927256,375427.5078043405,223059.36994338728,307194.34767845523,585714.3682144894,294421.83814521687
2038-06-30,152,-84454.5458281181,291764.29618055833,376218.84200867644,224738.18825251324,309192.73408063134,589026.0824078664,297261.78622730804
2038-07-31,153,-84770.9570671297,292239.8841933918,377010.84126052144,226424.1901042882,311195.1471714179,592356.5215147742,300116.6373213824
2038-08-31,154,-85084.19681281818,292719.3217755836,377803.5185884018,228117.40655001032,313201.6033628285,595705.7914085963,302986.4696330127
2038-09-30,155,-85394.25035701826,293202.636783174,378596.88714019227,229817.86877675087,315212.1191337691,599073.9985613399,305871.3617781659
2038-10-31,156,-85701.10292235517,293689.8572616629,379390.96018401807,231525.60810795537,317226.71103031054,602461.2500470199,308771.392785357
2038-11-30,157,-86004.73966191438,294181.0114472499,380185.7511091643,233240.65600404775,319245.39566596213,605867.6535450637,311686.6420978138
2038-12-31,158,-86305.14565891004,294676.1277680806,380981.27342699067,234963.0440630368,321268.18972194684,609293.3173437336,314617.189575653
2039-01-31,159,-86602.30592635117,295175.23484550114,381777.5407718523,236692.80402112583,323295.109947477,612738.3503435695,317563.1154980684
2039-02-28,160,-86896.20540670684,295678.36149532144,382574.5669020283,238429.96775332472,325326.17316003155,616202.862060851,320524.5005655295
2039-03-31,161,-87186.82897156969,296185.5367290856,383372.36570065527,240174.56727406467,327361.39624563436,619686.9626310782,323501.4259019926
2039-04-30,162,-87474.16142131711,296696.78975535114,384170.9511766683,241926.63473781626,329400.7961591334,623190.7628124739,326493.9730571228
2039-05-31,163,-87758.18748477194,297212.14998097555,384970.3374657475,243686.20243970945,331444.3899244814,626714.3739895037,329502.22400852817
2039-06-30,164,-88038.89181886046,297731.6470124117,385770.53883127216,245453.30281615703,333492.1946350175,630257.908176417,332526.2611640053
2039-07-31,165,-88316.25900826923,298255.3106570112,386571.56966528046,247227.96844548068,335544.2274537499,633821.4780208083,335566.1673637971
2039-08-31,166,-88590.2735651005,298783.17092433665,387373.44448943716,249010.23204853968,337600.5056136402,637405.1968071981,338622.02588286146
2039-09-30,167,-88860.91992852534,299315.25802748033,388176.1779560057,250800.12648936262,339661.04641788796,641009.1784606336,341693.9204331533
2039-10-31,168,-89128.18246443555,299851.60238439427,388979.78484882985,252597.6847757819,341725.86724021746,644633.5375503113,344781.93516591704
2039-11-30,169,-89392.04546509375,300392.23461922584,389784.2800843196,254402.94006007118,343794.9855251649,648278.3892932181,347886.1546739923
2039-12-31,170,-89652.49314878182,300937.1855636639,390589.6787124457,256215.92563958536,345868.4187883672,651943.849557795,351006.6639941311
2040-01-31,171,-89909.50965944747,301486.4862582922,391395.9959177397,258036.6749574039,347946.1846168514,655630.0348676194,354143.5486093272
2040-02-29,172,-90163.07906634937,302040.16795395245,392203.2470203018,259865.2216029768,350028.30066932616,659337.0624051105,357296.894451158
2040-03-31,173,-90413.18536370038,302598.262113115,393011.4474768154,261701.59931277315,352114.78467647353,663065.0500152536,360466.7879021386
2040-04-30,174,-90659.81247030903,303160.8004112592,393820.6128815682,263545.8419709335,354205.6544412425,666814.116209347,363653.31579808786
2040-05-31,175,-90902.94422921952,303727.81473826134,394630.75896748086,265397.983609924,356300.9278391435,670584.3801687688,366856.5654305075
2040-06-30,176,-91142.56440734945,304299.3371997931,395441.9016071425,267258.05841119454,358400.622818544,674375.9617487661,370076.62454897305
2040-07-31,177,-91378.65669512656,304875.40011872695,396254.0568138535,269126.1007058391,360504.75740096567,678188.9814822649,373313.581363538
2040-08-31,178,-91611.20470612298,305456.0360365521,397067.2407426751,271002.14497525955,362613.34968138253,682023.5605837019,376567.52454714983
2040-09-30,179,-91840.19197668816,306041.27771479846,397881.4696914866,272886.225851832,364726.4178285202,685879.820952878,379838.5432380795
2040-10-31,180,-92065.60196557973,306631.1581364699,398696.7601020496,274778.37811957666,366843.9800851564,689757.885178833,383126.72704236314
2040-11-30,181,-92287.41805359302,307225.71050748695,399513.12856107997,276678.6367148302,368966.0547684232,693657.8765437434,386432.1660362565
2040-12-31,182,-92505.62354318833,307824.96825813793,400330.59180132626,278587.03672692133,371092.66027010966,697579.9190268406,389754.95076870266
2041-01-31,183,-92720.2016581163,308428.96504453995,401149.16670265625,280503.6133988499,373223.8150569662,701524.1373083527,393095.1722638128
2041-02-28,184,-92931.13554304221,309037.734750109,401968.87029315124,282428.4021279681,375359.5376710103,705490.6567734682,396452.9220233592
2041-03-31,185,-93138.40826316766,309651.3114870392,402789.71975020686,284361.43846666545,377499.8467298331,709479.6035163214,399828.2920292822
2041-04-30,186,-93342.0028038508,310269.72959779156,403611.73240164237,286302.75812305673,379644.76092690753,713491.1043440013,403221.3747462097
2041-05-31,187,-93541.90207022487,310893.0236565923,404434.92572681716,288252.3969616727,381794.29903189756,717525.2867805827,406632.26312399044
2041-06-30,188,-93738.08888681413,311521.2284709399,405259.31735775404,290210.39100415446,383948.4798909686,721582.2790711798,410061.0506002399
2041-07-31,189,-93930.54599714914,312154.37908312323,406084.92508027237,292176.77642995043,386107.32242709957,725662.2101860234,413507.83110290015
2041-08-31,190,-94119.25606337906,312792.5107717481,406911.76683512714,294151.5895770167,388270.84564039577,729765.209824561,416972.69905281294
2041-09-30,191,-94304.20166588284,313435.6590532735,407739.86071915634,296134.8669425205,390439.0686084033,733891.4084195795,420455.749366306
2041-10-31,192,-94485.36530287785,314083.8596835578,408569.22498643567,298126.64518354693,392612.0104864248,738040.9371413513,423957.07745779346
2041-11-30,193,-94662.72939002741,314737.1486594159,409399.8780494433,300126.9611178086,394789.690507836,742213.9279018054,427476.7792423895
2041-12-31,194,-94836.27626004565,315395.5622201835,410231.83848022914,302135.85172435886,396972.1279844045,746410.5133587193,431014.9511385358
2042-01-31,195,-95005.9881623009,316059.1368492944,411065.1250115953,304153.3541443079,399159.3423066088,750630.8269199373,434571.69007064286
2042-02-28,196,-95171.84726241732,316727.9092758657,411899.756538283,306179.50568154204,401351.35294395935,754875.0027476109,438147.0934717452
2042-03-31,197,-95333.83564187383,317401.9164762935,412735.75211816735,308214.3438034468,403548.1794453206,759143.1757624638,441741.2592861703
2042-04-30,198,-95491.93529760197,318081.19567585964,413573.1309734616,310257.90614163247,405749.84143923444,763435.4816480814,445354.2859722218
2042-05-31,199,-95646.12814158131,318765.7843503467,414411.91249192803,312310.23049266357,407956.3586342449,767752.0568552234,448986.27250487666
2042-06-30,200,-95796.39600043325,319455.72022766597,415252.1162280992,314371.35481879103,410167.7508192243,772093.0386061623,452637.31837849633
2042-07-31,201,-95942.7206150121,320151.04128949257,416093.7619045047,316441.3172486885,412384.0378637006,776458.564899045,456307.5236095525
2042-08-31,202,-96085.08363999543,320851.78577291354,416936.86941290897,318520.1560781908,414605.2397181862,780848.7745122802,459996.9887393667
2042-09-30,203,-96223.46664347127,321557.9921720851,417781.45881555637,320607.90977103676,416831.37641450803,785263.8070089499,463705.8148368648
2042-10-31,204,-96357.85110652365,322269.69923990045,418627.5503464241,322704.61695961514,419062.4680661388,789703.802741246,467434.1035013455
2042-11-30,205,-96488.21842281683,322986.94598966837,419475.1644124852,324810.31644571316,421298.53486853,794168.9028549318,471181.9568652634
2042-12-31,206,-96614.54989817605,323709.7716968024,420324.32159497845,326925.0472012698,423539.5970994458,798659.2492938297,474949.47759702726
2043-01-31,207,-96736.82675016817,324438.21590052097,421175.04265068914,329048.8483691307,425785.67511929886,803174.984804333,478736.768903812
2043-02-28,208,-96855.03010767815,325172.3184055574,422027.34851323557,331181.7592638086,428036.78937148675,807716.2529399437,482543.93453438627
2043-03-31,209,-96969.14101048536,325912.11928388185,422881.2602943672,333323.8193722452,430292.9603827306,812283.1980658362,486371.07878195436
2043-04-30,210,-97079.14040883671,326657.65887643374,423736.79928527045,335475.06835457776,432554.20876341447,816875.9653634471,490218.30648701335
2043-05-31,211,-97185.0091630182,327408.97779486404,424593.98695788224,337635.54604490823,434820.55520792643,821494.700835089,494085.7230402249
2043-06-30,212,-97286.72804292379,328166.11692329095,425452.84496621473,339805.2924520771,437092.0204950009,826139.5513085936,497973.43438530265
2043-07-31,213,-97384.27772762324,328929.1174200643,426313.3951476875,341984.34776043915,439368.6254880624,830810.6644419782,501881.5470219139
2043-08-31,214,-97477.63880492677,329698.02071954234,427175.6595244691,344172.7523306442,441650.39113557094,835508.18872814,505810.1680085976
2043-09-30,215,-97566.79177094827,330472.8685338795,428039.6603048278,346370.5467004201,443937.33847136836,840232.2734995764,509759.40496569686
2043-10-31,216,-97651.71702966606,331253.7028548261,428905.4198844922,348577.7715853603,446229.48861502635,844983.0689331332,513729.36607830704
2043-11-30,217,-97732.39489248203,332040.5659555375,429772.9608480195,350794.46787971404,448526.86277219607,849760.7260547769,517720.16009923944
2043-12-31,218,-97808.80557777768,332833.5003923972,430642.3059701749,353020.6766571811,450829.4822349588,854565.3967443977,521731.8963520005
2044-01-31,219,-97880.9292104689,333632.54900684976,431513.47821731865,355256.43917170935,453137.36838217825,859397.2337406363,525764.6847337865
2044-02-29,220,-97948.74582155829,334437.75492724543,432386.5007488037,357501.79685829603,455450.5426798543,864256.3906457396,529818.6357184942
2044-03-31,221,-98012.23534768546,335249.1615706978,433261.39691838325,359756.7913337928,457769.02668147825,869143.0219304448,533893.860359747
2044-04-30,222,-98071.37763067463,336066.81264495105,434138.1902756257,362021.4643977146,460092.8420283892,874057.2829388883,537990.4702939373
2044-05-31,223,-98126.15241708065,336890.7521502607,435016.9045673414,364295.85803305166,462422.0104501323,878999.3298935452,542108.5777432845
2044-06-30,224,-98176.53935773222,337721.02438128553,435897.56373901776,366580.01440708584,464756.55376481806,883969.3199001951,546248.2955189096
2044-07-31,225,-98222.5180072739,338557.6739289919,436780.1919362658,368873.97587220964,467096.49387948355,888967.4109529166,550409.7370239247
2044-08-31,226,-98264.06782370439,339400.7456825692,437664.8135062736,371177.78496675025,469441.85279045464,893993.7619391097,554593.0162565404
2044-09-30,227,-98301.1681679142,340250.28483135824,438551.45299927244,373491.4844157959,471792.6525837101,899048.5326445467,558798.2478131885
2044-10-31,228,-98333.79830321984,341106.33686679194,439440.1351700118,375815.1171320271,474148.91543524695,904131.8837584525,563025.5468916605
2044-11-30,229,-98361.93739489617,341968.94758434664,440330.8849792428,378148.7262165511,476510.66361144726,909243.9768786113,567275.0292942646
2044-12-31,230,-98385.56450970669,342838.1630855086,441223.7275952153,380492.35495974,478877.9194694467,914384.9745165055,571546.8114309969
2045-01-31,231,-98404.65861543128,343714.02977975004,442118.6883951813,382846.046842073,481250.70545750426,919555.0401024807,575841.0103227306
2045-02-28,232,-98419.198580392,344596.59438651917,443015.79296691116,385209.84553498187,483629.04411537386,924754.3379909415,580157.7436044223
2045-03-31,233,-98429.1631729757,345485.9039372426,443915.0671102183,387583.79490170133,486012.95807467704,929983.0334655759,584497.1295283333
2045-04-30,234,-98434.5310611556,346382.00577734027,444816.5368384959,389967.938998122,488402.4700592776,935241.2927446105,588859.2869672702
2045-05-31,235,-98435.28081200947,347284.94756825303,445720.2283802625,392362.3220736479,490797.6028856574,940529.2829860934,593244.3354178404
2045-06-30,236,-98431.39089123614,348194.77728948276,446626.1681807189,394766.9885720578,493198.37946329394,945847.1722932088,597652.395003726
2045-07-31,237,-98422.83966266917,349111.54324064625,447534.3829033154,397181.9831323702,495604.8227950394,951195.1297196207,602083.5864789744
2045-08-31,238,-98409.60538778862,350035.2940435411,448444.8994313297,399607.35058971256,498016.9559775012,956573.3252748473,606538.0312313063
2045-09-30,239,-98391.66622523009,350966.0786442243,449357.7448694544,402043.13597619394,500434.802201424,961981.929929665,611015.8512854407
2045-10-31,240,-98369.00023029151,351903.9463151059,450272.9465453974,404489.3845217822,502858.38475207373,967421.115621544,615517.1693064381
2045-11-30,241,-98341.58535443764,352848.9466570538,451190.5320114914,406946.1416551848,505287.72700962244,972891.055260114,620042.1086030602
2045-12-31,242,-98309.39944480197,353801.12960151245,452110.5290463144,409413.45300473337,507722.85244953533,978391.9227326609,624590.7931311484
2046-01-31,243,-98272.4202436863,354760.5454126352,453032.9656563215,411891.36439927283,510163.78464295913,983923.8929096543,629163.3474970191
2046-02-28,244,-98230.62538805796,355727.2446894302,453957.8700774882,414379.9218690541,512610.54725711205,989487.1416503072,633759.896960877
2046-03-31,245,-98183.99240904441,356701.2783679194,454885.2707769638,416879.171646631,515063.1640556754,995081.8458081662,638380.5674402468
2046-04-30,246,-98132.4987314255,357682.6977233108,455815.1964547363,419389.16016776115,517521.65889918664,1000708.1832367333,643025.4855134225
2046-05-31,247,-98076.12167312321,358671.5543721848,456747.676045308,421909.9340723111,519986.0557454343,1006366.3327951197,647694.7784229349
2046-06-30,248,-98014.83844468929,359667.9002746962,457682.73871938547,424441.540205165,522456.3786498543,1012056.4743537332,652388.5740790371
2046-07-31,249,-97948.62614878954,360671.7877367856,458620.41388557514,426984.02561713825,524932.6517659278,1017778.788799994,657107.0010632084
2046-08-31,250,-97877.46177968627,361683.26941240916,459560.73119209544,429537.4375658947,527414.899345581,1023533.4580440865,661850.1886316773
2046-09-30,251,-97801.32222271862,362702.39830578014,460503.72052849876,432101.8235168677,529903.1457395863,1029320.6650247416,666618.2667189614
2046-10-31,252,-97720.18425377889,363729.2277736246,461449.4120274035,434677.23114418646,532397.4153979653,1035140.593715052,671411.3659414274
2046-11-30,253,-97634.02453878807,364763.8115274529,462397.83606624097,437263.7083316051,534897.7328703932,1040993.429128322,676229.6176008692
2046-12-31,254,-97542.81963316753,365806.20363584266,463349.0232690102,439861.3031734372,537404.1228066047,1046879.357323947,681073.1536881044
2047-01-31,255,-97446.54598130897,366856.4585267396,464303.0045080486,442470.0639754936,539916.6099568026,1052798.56541333,685942.1068865904
2047-02-28,256,-97345.1799160412,367914.6309897696,465259.8109058108,445090.0392560251,542435.2191720663,1058751.2415658287,690836.6105760591
2047-03-31,257,-97238.6976580947,368980.77617856744,466219.47383666213,447721.27774666925,544959.975404764,1064737.575014738,695756.7988361705
2047-04-30,258,-97127.07531556324,370054.94961311866,467182.0249286819,450363.8283934011,547490.9037089644,1070757.7560633044,700702.8064501857
2047-05-31,259,-97010.28888336336,371137.2071821188,468147.49606548215,453017.74035748874,550028.0292408521,1076811.9760907781,705674.7689086593
2047-06-30,260,-96888.31424269092,372227.60514534346,469115.9193880344,455683.0630164527,552571.3772591436,1082900.4275584945,710672.822413151
2047-07-31,261,-96761.12716047477,373326.2001360373,470087.3272965121,458359.84596503014,555120.9731255049,1089023.3040159938,715697.1038799565
2047-08-31,262,-96628.70328882872,374433.04916331416,471061.7524521429,461048.1390161427,557676.8423049714,1095180.8001071725,720747.7509438583
2047-09-30,263,-96491.0181644992,375548.20961457735,472039.22777907655,463747.99220186996,560239.0103663692,1101373.1115764733,725824.901961896
2047-10-31,264,-96348.04720831197,376671.73925794906,473019.786466261,466459.4557744259,562807.5029827378,1107600.4352751058,730928.6960171567
2047-11-30,265,-96199.76572461508,377803.6962447199,474003.461969335,469182.5802071404,565382.3459317555,1113862.9691673045,736059.2729225846
2047-12-31,266,-96046.14890071936,378944.139111812,474990.28801253135,471917.4161954457,567963.565096165,1120160.9123366233,741216.7732248113
2048-01-31,267,-95887.1718063365,380093.12678425724,475980.29859059374,474664.0146578662,570551.1864642027,1126494.4649922634,746401.3382080061
2048-02-29,268,-95722.80939301371,381250.7185776909,476973.5279707046,477422.42673701374,573145.2361300274,1132863.8284754367,751613.1098977458
2048-03-31,269,-95553.03649356659,382416.9742008635,477970.0106944301,480192.70380058675,575745.7402941533,1139269.2052657693,756852.2310649058
2048-04-30,270,-95377.82782150805,383591.9537581649,478969.78157967294,482974.8974423746,578352.7252638827,1145710.7989877358,762118.8452295709
2048-05-31,271,-95197.15797047596,384775.7177521655,479972.8757226415,485769.0594832653,580966.2174537412,1152188.8144171326,767413.0966649671
2048-06-30,272,-95011.0014136564,385968.32708617556,480979.32849983196,488575.241972259,583586.2433859154,1158703.4574875892,772735.1304014137
2048-07-31,273,-94819.33250320517,387169.84306681727,481989.17557002243,491393.4971874857,586212.8296906909,1165254.9352971131,778085.0922302959
2048-08-31,274,-94622.1254696662,388380.32740661537,483002.4528762816,494223.87763722707,588846.0031068933,1171843.4561146747,783463.1287080593
2048-09-30,275,-94419.35442138731,389599.84222660237,484019.1966479897,497066.4360609434,591485.7904823307,1178469.2293868265,788869.3871602241
2048-10-31,276,-94210.99334393261,390828.4500589416,485039.4434028742,499921.2254303052,594132.2187742378,1185132.465744363,794304.0156854213
2048-11-30,277,-93997.0160994925,392066.2138495665,486063.229949059,502788.29895022913,596785.3150497216,1191833.3770090158,799767.1631594492
2048-12-31,278,-93777.39642629062,393313.19696083444,487090.59338712506,505667.71005991905,599445.1064862097,1198572.1762001868,805258.9792393524
2049-01-31,279,-93552.10793798807,394569.46317420073,488121.5711121888,508559.51243391127,602111.6203718993,1205349.0775417215,810779.6143675208
2049-02-28,280,-93321.12412308459,395835.076692906,489156.20081599057,511463.759983125,604784.8841062096,1212164.296468717,816329.2197758111
2049-03-31,281,-93084.41834431677,397110.1021446835,490194.52048900025,514380.5068559175,607464.9252002343,1219018.0496343733,821907.9474896898
2049-04-30,282,-92841.96383805352,398394.6045844795,491236.568422533,517309.80743914354,610151.771277197,1225910.554916877,827515.9503323976
2049-05-31,283,-92593.73371368845,399688.6494971963,492282.38321088476,520251.7163592202,612845.4500729087,1232842.031426332,833153.3819291356
2049-06-30,284,-92339.70095302933,400992.30280044617,493332.0037534755,523206.2884831963,615545.9894362256,1239812.6995117206,838820.3967112744
2049-07-31,285,-92079.83840968448,402305.6308473275,494385.469257012,526173.5789198267,618253.4173295111,1246822.780767911,844517.1499205836
2049-08-31,286,-91814.1188084468,403628.7004292165,495442.8192376633,529153.6430206508,620967.7618290976,1253872.4980427017,850243.7976134853
2049-09-30,287,-91542.51474467327,404961.5787785754,496504.0935232487,532146.5363810781,623689.0511257513,1260962.0754439041,856000.4966653287
2049-10-31,288,-91264.99868366367,406304.3335717806,497569.33225544426,535152.314841475,626417.3135251387,1268091.7383464684,861787.4047746878
2049-11-30,289,-90981.5429600341,407657.03293196566,498638.57589199976,538171.0344882603,629152.5774482944,1275261.7133996468,867604.6804676811
2049-12-31,290,-90692.11977708852,409019.7454318857,499711.8652089742,541202.7516550036,631894.8714320922,1282472.2285342,873452.4831023143
2050-01-31,291,-90396.70120618795,410392.5400967961,500789.24130298407,544247.5229235284,634644.2241297164,1289723.512969642,879330.9728728458
2050-02-28,292,-90095.25918611453,411775.48640735226,501870.7455934668,547305.4051250219,637400.6643111365,1297015.7972215274,885240.3108141752
2050-03-31,293,-89787.76552243473,413168.654302525,502956.4198249597,550376.455341148,640164.2208635827,1304349.3131087793,891180.6588062543
2050-04-30,294,-89474.19188685762,414572.1141825364,504046.306069394,553460.7309051664,642934.922792024,1311724.2937610585,897152.1795785221
2050-05-31,295,-89154.5098165914,415985.93691181263,505140.44672840403,556558.2894030568,645712.7992196482,1319140.973626175,903155.0367143623
2050-06-30,296,-88828.69071369607,417410.19382195617,506238.88453565224,559669.1886746477,648497.8793883438,1326599.5884775408,909189.3946555846
2050-07-31,297,-88496.70584443281,418844.9567147356,507341.6625591684,562793.4868147504,651290.1926591832,1334100.3754216647,915255.4187069291
2050-08-31,298,-88158.52633861126,420290.2978650958,508448.82420370704,565931.2421742982,654089.7685129094,1341643.5729056909,921353.2750405951
2050-09-30,299,-87814.12318893184,421746.2900241845,509560.41321311635,569082.5133614913,656896.6365504231,1349229.4207249775,927483.130700793
2050-10-31,300,-87463.46725032653,423213.0064224007,510676.47367272724,572247.359242946,659710.8264932726,1356858.160030721,933645.1536083203
2050-11-30,301,-87106.52923929575,424690.5207724604,511797.05001175613,575425.8389448497,662532.3681841454,1364530.033337622,939839.5125651616
2050-12-31,302,-86743.27973324154,426178.90727248124,512922.1870057228,578618.0118541209,665361.2915873624,1372245.284531594,946066.3772591128
2051-01-31,303,-86373.68916979898,427678.2406090875,514051.9297788865,581823.9376195743,668197.6267893732,1380004.1588775169,952325.9182684293
2051-02-28,304,-85997.72784616216,429188.595960535,515186.32380669715,585043.676153092,671041.4039992541,1387806.9030270344,958618.3070664994
2051-03-31,305,-85615.36591840861,430710.0489998532,516325.4149182618,588277.287630799,673892.6535492076,1395653.7650263938,964943.7160265406
2051-04-30,306,-85226.57340082037,432242.6758980098,517469.24929883017,591524.8324942443,676751.4058950647,1403544.9943243326,971302.3184263228
2051-05-31,307,-84831.32016520062,433786.55332709337,518617.873492294,594786.3714515879,679617.6916167885,1411480.8417800074,977694.288452914
2051-06-30,308,-84429.5759401879,435341.75846351567,519771.3344037036,598061.9654787922,682491.5414189801,1419461.5596709684,984119.8012074528
2051-07-31,309,-84021.31031056622,436908.368991237,520929.67930180323,601351.6758208205,685372.9861313867,1427487.4017011814,990579.0327099444
2051-08-31,310,-83606.49271657364,438486.46310500614,522092.9558215798,604655.5639928381,688262.0567094118,1435558.6230090891,997072.159904083
2051-09-30,311,-83185.09245320433,440076.11951362726,523261.2119668316,607973.6917814227,691158.784234627,1443675.4801757259,1003599.3606620986
2051-10-31,312,-82757.07866951078,441677.41744324146,524434.4961127522,611306.121245776,694063.1999152867,1451838.2312328715,1010160.8137896301
2051-11-30,313,-82322.42036789958,443290.4366406326,525612.8570085322,614652.9147189445,696975.335086844,1460047.1356712554,1016756.6990306228
2051-12-31,314,-81881.0864034259,444915.2573765523,526796.3437799782,618014.1348090435,699895.2212124694,1468302.4544488054,1023387.1970722531
2052-01-31,315,-81433.045483083,446551.96044906555,527985.0059321485,621389.8444004882,702822.8898835712,1476604.4499989431,1030052.4895498776
2052-02-29,316,-80978.26616508968,448200.6271869176,529178.8933520073,624780.1066552285,705758.3728203182,1484953.3862389266,1036752.759052009
2052-03-31,317,-80516.71685817314,449861.33945292316,530378.0563110963,628184.9850139917,708701.7018721648,1493349.5285782411,1043488.189125318
2052-04-30,318,-80048.36582084862,451534.17964737467,531582.5454682233,631604.5431975289,711652.9090183775,1501793.1439270359,1050258.9642796612
2052-05-31,319,-79573.18116069608,453219.230711472,532792.4118721681,635038.8452078681,714612.0263685642,1510284.5007046077,1057065.2699931357
2052-06-30,320,-79091.13083363255,454916.5761307762,534007.7069644087,638487.9553295729,717579.0861632054,1518823.8688479364,1063907.2927171602
2052-07-31,321,-78602.18264318164,456626.29993868177,535228.4825818634,641951.9381310062,720554.1207741878,1527411.519820264,1070785.2198815823
2052-08-31,322,-78106.30423973885,458348.4867199124,536454.7909596512,645430.8584656008,723537.1627053396,1536047.7266197253,1077699.239899813
2052-09-30,323,-77603.46311983361,460083.22161403834,537686.684733872,648924.7814731346,726528.2445929683,1544732.7637880265,1084649.5421739882
2052-10-31,324,-77093.62662538805,461830.5903190153,538924.2169444034,652433.7725810128,729527.3992064008,1553466.9074191726,1091636.3171001573
2052-11-30,325,-76576.76194297138,463590.6790947446,540167.441037716,655957.8975055545,732534.6594485259,1562250.4351682432,1098659.7560734986
2052-12-31,326,-76052.83610305167,465363.5747666587,541416.4108697104,659497.222253286,735550.0583563377,1571083.6262602217,1105720.051493563
2053-01-31,327,-75521.81597924256,467149.36472932575,542671.1807085683,663051.8131222406,738573.6291014832,1579966.761498869,1112817.3967695432
2053-02-28,328,-74983.66828754777,468948.13695007795,543931.8052376257,666621.7367032625,741605.4049908103,1588900.1232756514,1119951.9863255734
2053-03-31,329,-74438.35958560125,470759.97997266357,545198.3395582648,670207.0598813186,744645.4194669198,1597883.9955787181,1127124.0156060546
2053-04-30,330,-73885.85627190303,472584.9829209193,546470.8391928223,673807.8498368147,747693.7061087177,1606918.6640019282,1134333.6810810089
2053-05-31,331,-73326.12458505284,474423.2355024689,547749.3600875217,677424.1740469186,750750.2986319715,1616004.41575393,1141581.1802514612
2053-06-30,332,-72759.13060297805,476274.82801244175,549033.9586154198,681056.1002868892,753815.2308898673,1625141.5396672918,1148866.71165485
2053-07-31,333,-72184.84024216025,478139.85133721656,550324.6915793768,684703.6966314106,756888.5368735709,1634330.3262076823,1156190.4748704657
2053-08-31,334,-71603.21925685531,480018.3969581879,551621.6162150432,688367.0314559338,759970.2507127891,1643571.0674831062,1163552.6705249182
2053-09-30,335,-71014.23323831195,481910.5569555559,552924.7901938679,692046.1734380233,763060.4066763353,1652864.0572531885,1170953.5002976325
2053-10-31,336,-70417.84761398542,483816.4240121406,554234.271626126,695741.1915587102,766159.0391726956,1662209.5909385146,1178393.166926374
2053-11-30,337,-69814.02764674684,485736.0914172188,555550.1190639656,699452.1551038519,769266.1827505988,1671607.9656300202,1185871.8742128015
2053-12-31,338,-69202.73843409028,487669.6530703865,556872.3915044768,703179.1336654973,772381.8720995876,1681059.4800984373,1193389.8270280508
2054-01-31,339,-68583.94490733452,489617.20348544256,558201.1483927771,706922.1971432583,775506.1420505928,1690564.4348037895,1200947.231318347
2054-02-28,340,-67957.61183082126,491578.83779430157,559536.4496251228,710681.415745688,778639.0275765093,1700123.131904947,1208544.2941106455
2054-03-31,341,-67323.70380111027,493554.65175092407,560878.3555520343,714456.8599916645,781780.5637927748,1709735.8752692281,1216181.223518304
2054-04-30,342,-66682.18524616899,495544.74173528,562226.926981449,718248.600711782,784930.785957951,1719402.970482063,1223858.228746783
2054-05-31,343,-66033.0204245596,497549.2047573284,563582.225181888,722056.7090497469,788089.7294743065,1729124.7248567052,1231575.5200993768
2054-06-30,344,-65376.17342462181,499568.13846102706,564944.3118856489,725881.2564637811,791257.4298884029,1738901.4474440021,1239333.308982975
2054-07-31,345,-64711.60816365096,501601.6411283661,566313.2492920171,729722.3147280321,794433.9228916831,1748733.44904222,1247131.8079138538
2054-08-31,346,-64039.288387073204,503649.8116834271,567689.1000705003,733579.9559339877,797619.244321061,1758621.0422069235,1254971.2305234964
2054-09-30,347,-63359.17766761524,505712.7496964645,569071.9273640797,737454.2524918998,800813.430159515,1768564.5412609114,1262851.7915644469
2054-10-31,348,-62671.23940447171,507790.55538801826,570461.79479249,741345.277132212,804016.5165366837,1778564.2623042103,1270773.706916192
2054-11-30,349,-61975.43682246702,509883.32963304594,571858.766455513,745253.1029069957,807228.5397294627,1788620.5232241217,1278737.1935910757
2054-12-31,350,-61271.73297121434,511991.1739650846,573262.9069362989,749177.8031913913,810449.5361626056,1798733.6437053278,1286742.4697402432
2055-01-31,351,-60560.09072426881,514114.1905804372,574674.281304706,753119.4516850574,813679.5424093262,1808903.9452400547,1294789.7546596176
2055-02-28,352,-59840.47277827875,516252.4823423864,576092.9551206651,757078.1224136249,816918.5951919036,1819131.7511382932,1302879.2687959068
2055-03-31,353,-59112.84165213094,518406.15278543136,577518.9944375623,761053.8897301594,820166.7313822904,1829417.3865380744,1311011.233752643
2055-04-30,354,-58377.15968609264,520575.3061195549,578952.4658056475,765046.8283166289,823423.9880027216,1839761.1784158074,1319185.8722962525
2055-05-31,355,-57633.38904094894,522760.04723451566,580393.4362754646,769057.0131853792,826690.4022263282,1850163.4555966747,1327403.408362159
2055-06-30,356,-56881.49169713678,524960.4817041648,581841.9734013015,773084.5196806147,829966.0113777515,1860624.5487650824,1335664.0670609176
2055-07-31,357,-56121.42945387319,527176.7157907942,583298.1452446674,777129.423479888,833250.8529337612,1871144.7904751755,1343968.0746843813
2055-08-31,358,-55353.16392828082,529408.8564495079,584762.0203777887,781191.8005955941,836544.9645238749,1881724.5151614079,1352315.6587119
2055-09-30,359,-54576.65655450849,531657.0113326223,586233.6678871308,785271.7273764727,839848.3839309812,1892364.0591491752,1360707.047816553
2055-10-31,360,-53791.86858284962,533921.2887940933,587713.1573769429,789369.2805091145,843161.1490919641,1903063.7606655052,1369142.471871412
