Date,Month,Buying_Discounted_CF,Renting_Discounted_CF,Buying_Cumulative_NPV,Renting_Cumulative_NPV,Buying_Net_CF,Renting_Net_CF
2025-11-30,1,-43525.16637109522,-1281.7556841762982,-43525.16637109522,-251281.75568417629,-43525.16637109522,-1281.7556841762982
2025-12-31,2,-1540.3674933029001,-1280.8358942204259,-45065.53386439812,-252562.59157839674,-1545.4102556449318,-1285.0290176418036
2026-01-31,3,-1537.9526644696193,-1286.7815423119139,-46603.48652886774,-253849.37312070862,-1548.0388609223173,-1295.220509080725
2026-02-28,4,-1535.576255835134,-1295.231066048303,-48139.06278470287,-255144.60418675694,-1550.706912970821,-1307.9935043169314
2026-03-31,5,-1533.2311299371604,-1299.4858870883884,-49672.29391464003,-256444.09007384532,-1553.40753752567,-1316.5863466352057
2026-04-30,6,-1530.910560487916,-1298.451529947028,-51203.204475127946,-257742.54160379234,-1556.1341859077843,-1319.8451082934992
2026-05-31,7,-1528.609030806578,-1301.8108042200972,-52731.81350593452,-259044.35240801246,-1558.8814553473792,-1327.5917387448385
2026-06-30,8,-1526.3221573512822,-1302.0931747531301,-54258.13566328581,-260346.4455827656,-1561.6450302156754,-1332.226833920612
2026-07-31,9,-1524.046485746674,-1305.7801194442095,-55782.18214903248,-261652.2257022098,-1564.4214910310989,-1340.3728170527916
2026-08-31,10,-1521.7793008451943,-1304.7848586277298,-57303.96144987767,-262957.0105608375,-1567.2081339879676,-1343.7358770815194
2026-09-30,11,-1519.5184711680258,-1304.7767044640045,-58823.4799210457,-264261.7872653015,-1570.0028223150512,-1348.126493602129
2026-10-31,12,-1517.2623251765576,-1305.7863538190727,-60340.74224622225,-265567.5736191206,-1572.8038675926857,-1353.5865179394095
2026-11-30,13,-1515.0095535812468,-1308.0118845377126,-61855.7517998035,-266875.58550365834,-1575.6099357244966,-1360.332359919221
2026-12-31,14,-1512.7591323539425,-1310.262043110603,-63368.51093215744,-268185.8475467689,-1578.419972590671,-1367.1335600896891
2027-01-31,15,-1510.5102620856117,-1312.536471994487,-64879.021194243054,-269498.38401876343,-1581.2331452934254,-1373.9901184508135
2027-02-28,16,-1508.2623202252028,-1314.8348162821583,-66387.28351446826,-270813.2188350456,-1584.0487957308278,-1380.9020350025942
2027-03-31,17,-1506.0148234648148,-1317.1567236872218,-67893.29833793307,-272130.3755587328,-1586.8664039133998,-1387.869309745031
2027-04-30,18,-1503.767398115993,-1319.5018445289327,-69397.06573604906,-273449.8774032617,-1589.6855589791874,-1394.891942678124
2027-05-31,19,-1501.5197567795628,-1321.869831717111,-70898.58549282863,-274771.74723497883,-1592.5059362917295,-1401.9699338018734
2027-06-30,20,-1499.271679971997,-1324.2603407371316,-72397.85717280062,-276096.00757571595,-1595.3272793443575,-1409.103283116279
2027-07-31,21,-1497.0230016553326,-1326.6730296349945,-73894.88017445596,-277422.68060535094,-1598.1493854621433,-1416.291990621341
2027-08-31,22,-1494.773597841361,-1329.1075590024657,-75389.65377229732,-278751.7881643534,-1600.972094504509,-1423.536056317059
2027-09-30,23,-1492.5233776169766,-1331.5635919623,-76882.17714991429,-280083.35175631574,-1603.7952799387597,-1430.8354802034335
2027-10-31,24,-1490.2722760763293,-1334.040794153534,-78372.44942599062,-281417.39255046926,-1606.6188417869696,-1438.1902622804641
2027-11-30,25,-1488.0202487546856,-1336.5388337168556,-79860.46967474531,-282753.9313841861,-1609.442701053068,-1445.6004025481511
2027-12-31,26,-1485.767267244981,-1339.0573812800476,-81346.2369419903,-284092.98876546614,-1612.2667953194855,-1453.0659010064942
2028-01-31,27,-1483.513315745796,-1341.596109943508,-82829.75025773609,-285434.58487540967,-1615.0910752679079,-1460.5867576554936
2028-02-29,28,-1481.2583883428906,-1344.1546952658407,-84311.00864607898,-286778.73957067553,-1617.9155019302036,-1468.1629724951492
2028-03-31,29,-1479.0024868684484,-1346.7328152495213,-85790.01113294742,-288125.472385925,-1620.7400445162832,-1475.7945455254612
2028-04-30,30,-1476.745619215305,-1349.3301503266366,-87266.75675216272,-289474.80253625166,-1623.5646786978155,-1483.4814767464295
2028-05-31,31,-1474.4877980095002,-1351.9463833446957,-88741.24455017222,-290826.7489195964,-1626.389385252132,-1491.2237661580539
2028-06-30,32,-1472.229039565028,-1354.5811995525148,-90213.47358973726,-292181.3301191489,-1629.2141489907265,-1499.0214137603346
2028-07-31,33,-1469.9693630608335,-1357.2342865861724,-91683.4429527981,-293538.56440573506,-1632.038957912628,-1506.8744195532715
2028-08-31,34,-1467.7087898928417,-1359.9053344550384,-93151.15174269094,-294898.4697401901,-1634.8638025354467,-1514.7827835368648
2028-09-30,35,-1465.4473431638335,-1362.594035527873,-94616.59908585477,-296261.063775718,-1637.688675366814,-1522.7465057111144
2028-10-31,36,-1463.1850472818812,-1365.300084518998,-96079.78413313665,-297626.36386023695,-1640.5135704867464,-1530.76558607602
2028-11-30,37,-1460.9219276442811,-1368.0231784745374,-97540.70606078093,-298994.38703871146,-1643.3384832176569,-1538.840024631582
2028-12-31,38,-1458.6580103888214,-1370.7630167587301,-98999.36407116975,-300365.15005547024,-1646.1634098636193,-1546.9698213778004
2029-01-31,39,-1456.393322198074,-1373.5193010403111,-100455.75739336782,-301738.6693565105,-1648.988347504353,-1555.154976314675
2029-02-28,40,-1454.1278901454532,-1376.291735278964,-101909.88528351327,-303114.9610917895,-1651.8132938324418,-1563.3954894422059
2029-03-31,41,-1451.8617415741571,-1379.080025711842,-103361.74702508743,-304494.0411175013,-1654.638247024715,-1571.6913607603929
2029-04-30,42,-1449.5949040020153,-1381.8838808401572,-104811.34192908945,-305875.9249983415,-1657.463205640621,-1580.0425902692361
2029-05-31,43,-1447.327405046731,-1384.7030114158417,-106258.66933413618,-307260.6280097573,-1660.2881685419302,-1588.4491779687357
2029-06-30,44,-1445.0592723671891,-1387.5371304282746,-107703.72860650337,-308648.1651401856,-1663.1131348292865,-1596.9111238588916
2029-07-31,45,-1442.7905336174128,-1390.3859530910768,-109146.51914012078,-310038.5510932767,-1665.938103792078,-1605.4284279397039
2029-08-31,46,-1440.5212164104817,-1393.2491968289753,-110587.04035653127,-311431.80029010563,-1668.7630748688248,-1614.0010902111721
2029-09-30,47,-1438.2513482902966,-1396.1265812647353,-112025.29170482157,-312827.9268713704,-1671.5880476158814,-1622.6291106732967
2029-10-31,48,-1435.9809567095217,-1399.017828206157,-113461.2726615311,-314226.94469957653,-1674.413021682709,-1631.3124893260776
2029-11-30,49,-1433.7100690123887,-1401.9226616331418,-114894.98273054349,-315628.8673612097,-1677.237996792334,-1640.0512261695148
2029-12-31,50,-1431.4387124213338,-1404.8408076848245,-116326.42144296483,-317033.7081688945,-1680.0629727259093,-1648.8453212036084
2030-01-31,51,-1429.166914026649,-1407.7719946467698,-117755.58835699147,-318441.4801635413,-1682.887949310517,-1657.694774428358
2030-02-28,52,-1426.8947007785086,-1410.7159529382382,-119182.48305776998,-319852.1961164795,-1685.7129264095283,-1666.5995858437639
2030-03-31,53,-1424.6220994808625,-1413.6724150995137,-120607.10515725084,-321265.86853157904,-1688.537903914988,-1675.559755449826
2030-04-30,54,-1422.349136786805,-1416.6411157793016,-122029.45429403766,-322682.5096473583,-1691.3628817415968,-1684.5752832465446
2030-05-31,55,-1420.0758391950972,-1419.6217917221848,-123449.53013323275,-324102.1314390805,-1694.1878598219566,-1693.6461692339194
2030-06-30,56,-1417.8022330476026,-1422.614181756151,-124867.33236628036,-325524.7456208367,-1697.0128381028144,-1702.7724134119503
2030-07-31,57,-1415.5283445274406,-1425.6180267801815,-126282.8607108078,-326950.3636476169,-1699.8378165420922,-1711.9540157806375
2030-08-31,58,-1413.2541996577015,-1428.6330697519036,-127696.1149104655,-328378.9967173688,-1702.6627951065436,-1721.190976339981
2030-09-30,59,-1410.979824300607,-1431.659055675308,-129107.09473476611,-329810.6557730441,-1705.487773769899,-1730.4832950899809
2030-10-31,60,-1408.705244157017,-1434.695731588529,-130515.79997892313,-331245.3515046326,-1708.3127525114014,-1739.830972030637
2030-11-30,61,-1406.4304847662122,-1437.742846551688,-131922.23046368934,-332683.09435118426,-1711.1377313146513,-1749.2340071619492
2030-12-31,62,-1404.1555715058892,-1440.8001516348004,-133326.38603519523,-334123.89450281905,-1713.9627101666895,-1758.6924004839177
2031-01-31,63,-1401.880529592327,-1443.8673999057448,-134728.26656478757,-335567.76190272486,-1716.7876890572775,-1768.2061519965425
2031-02-28,64,-1399.605384080681,-1446.9443464182937,-136127.87194886824,-337014.7062491431,-1719.6126679783245,-1777.7752616998237
2031-03-31,65,-1397.3301598653863,-1450.0307482002074,-137525.20210873362,-338464.73699734337,-1722.4376469234387,-1787.399729593761
2031-04-30,66,-1395.0548816806336,-1453.1263642413878,-138920.25699041426,-339917.8633615847,-1725.262625887569,-1797.0795556783546
2031-05-31,67,-1392.7795741009168,-1456.2309554820977,-140313.03656451518,-341374.09431706683,-1728.0876048667246,-1806.8147399536044
2031-06-30,68,-1390.5042615416212,-1459.3442848012355,-141703.5408260568,-342833.43860186805,-1730.912583857752,-1816.6052824195106
2031-07-31,69,-1388.2289682596543,-1462.4661170046745,-143091.76979431644,-344295.90471887274,-1733.7375628581603,-1826.451183076073
2031-08-31,70,-1385.9537183541038,-1465.5962188136632,-144477.72351267055,-345761.5009376864,-1736.5625418659804,-1836.3524419232917
2031-09-30,71,-1383.678535766918,-1468.7343588532822,-145861.40204843748,-347230.2352965397,-1739.3875208796571,-1846.3090589611666
2031-10-31,72,-1381.4034442836016,-1471.8803076409654,-147242.8054927211,-348702.1156041806,-1742.2124998979607,-1856.3210341896977
2031-11-30,73,-1379.1284675339264,-1475.0338375750769,-148621.933960255,-350177.1494417557,-1745.0374789199209,-1866.3883676088851
2031-12-31,74,-1376.8536289926496,-1478.194722923552,-149998.78758924766,-351655.3441646793,-1747.8624579447699,-1876.5110592187289
2032-01-31,75,-1374.5789519802372,-1481.3627398125914,-151373.3665412279,-353136.7069044919,-1750.6874369719014,-1886.689109019229
2032-02-29,76,-1372.3044596635948,-1484.5376662154188,-152745.6710008915,-354621.24457070726,-1753.5124160008365,-1896.922517010385
2032-03-31,77,-1370.0301750567996,-1487.7192819410973,-154115.7011759483,-356108.9638526484,-1756.337395031197,-1907.2112831921975
2032-04-30,78,-1367.7561210218325,-1490.9073686233992,-155483.45729697015,-357599.8712212718,-1759.1623740626833,-1917.5554075646662
2032-05-31,79,-1365.4823202693135,-1494.1017097097392,-156848.93961723946,-359093.97293098154,-1761.987353095059,-1927.9548901277913
2032-06-30,80,-1363.2087953592354,-1497.302090450163,-158212.1484125987,-360591.2750214317,-1764.8123321281378,-1938.4097308815726
2032-07-31,81,-1360.9355687016953,-1500.5082978863918,-159573.0839813004,-362091.7833193181,-1767.6373111617722,-1948.91992982601
2032-08-31,82,-1358.6626625576282,-1503.7201208409285,-160931.74664385803,-363595.503440159,-1770.4622901958455,-1959.4854869611038
2032-09-30,83,-1356.3900990395337,-1506.9373499062149,-162288.13674289756,-365102.4407900652,-1773.2872692302656,-1970.1064022868538
2032-10-31,84,-1354.117900112206,-1510.1597774338504,-163642.25464300977,-366612.60056749906,-1776.1122482649594,-1980.7826758032602
2032-11-30,85,-1351.846087593459,-1513.3871975238658,-164994.10073060324,-368125.9877650229,-1778.93722729987,-1991.5143075103229
2032-12-31,86,-1349.5746831548472,-1516.61940601405,-166343.6754137581,-369642.607171037,-1781.7622063349515,-2002.3012974080416
2033-01-31,87,-1347.3037083223885,-1519.8562004693379,-167690.97912208046,-371162.4633715063,-1784.5871853701683,-2013.1436454964166
2033-02-28,88,-1345.033184477279,-1523.0973801712496,-169036.01230655774,-372685.5607516776,-1787.4121644054917,-2024.041351775448
2033-03-31,89,-1342.7631328566104,-1526.3427461073873,-170378.77543941434,-374211.903497785,-1790.2371434408997,-2034.9944162451357
2033-04-30,90,-1340.4935745540793,-1529.5921009609847,-171719.2690139684,-375741.49559874594,-1793.0621224763743,-2046.0028389054794
2033-05-31,91,-1338.2245305206975,-1532.8452491005153,-173057.49354448912,-377274.34084784647,-1795.8871015119016,-2057.0666197564797
2033-06-30,92,-1335.9560215654983,-1536.1019965693497,-174393.44956605462,-378810.44284441584,-1798.7120805474706,-2068.185758798136
2033-07-31,93,-1333.6880683562379,-1539.3621510754729,-175727.13763441087,-380349.8049954913,-1801.537059583072,-2079.360256030448
2033-08-31,94,-1331.4206914200977,-1542.6255219812515,-177058.55832583096,-381892.43051747256,-1804.3620386187,-2090.5901114534167
2033-09-30,95,-1329.153911144379,-1545.8919202932552,-178387.71223697535,-383438.3224377658,-1807.1870176543482,-2101.8753250670416
2033-10-31,96,-1326.8877477771991,-1549.1611586521344,-179714.59998475254,-384987.48359641794,-1810.0119966900127,-2113.215896871323
2033-11-30,97,-1324.622221428181,-1552.4330513225473,-181039.2222061807,-386539.9166477405,-1812.8369757256903,-2124.6118268662603
2033-12-31,98,-1322.3573520691418,-1555.707414183142,-182361.57955824985,-388095.62406192365,-1815.6619547613777,-2136.063115051854
2034-01-31,99,-1320.0931595347788,-1558.9840647165938,-183681.67271778462,-389654.6081266402,-1818.4869337970733,-2147.569761428104
2034-02-28,100,-1317.8296635233492,-1562.262821999687,-184999.50238130798,-391216.87094863993,-1821.3119128327749,-2159.13176599501
2034-03-31,101,-1315.566883597353,-1565.5435066934594,-186315.06926490532,-392782.4144553334,-1824.1368918684818,-2170.7491287525727
2034-04-30,102,-1313.3048391842049,-1568.8259410333903,-187628.37410408954,-394351.2403963668,-1826.9618709041922,-2182.4218497007914
2034-05-31,103,-1311.0435495769116,-1572.1099488196442,-188939.41765366646,-395923.3503451864,-1829.7868499399062,-2194.1499288396662
2034-06-30,104,-1308.7830339347388,-1575.3953554073655,-190248.2006876012,-397498.7457005938,-1832.6118289756228,-2205.9333661691976
2034-07-31,105,-1306.52331128388,-1578.6819876970237,-191554.72399888508,-399077.42768829083,-1835.4368080113409,-2217.772161689385
2034-08-31,106,-1304.2644005181219,-1581.9696741248097,-192858.9883994032,-400659.3973624157,-1838.2617870470608,-2229.666315400229
2034-09-30,107,-1302.006320399503,-1585.2582446530832,-194160.9947198027,-402244.65560706874,-1841.0867660827817,-2241.615827301729
2034-10-31,108,-1299.7490895589765,-1588.5475307608713,-195460.74380936168,-403833.2031378296,-1843.9117451185036,-2253.620697393885
2034-11-30,109,-1297.4927264970613,-1591.8373654344143,-196758.23653585874,-405425.04050326406,-1846.7367241542263,-2265.680925676698
2034-12-31,110,-1295.237249584498,-1595.1275831577652,-198053.47378544323,-407020.1680864218,-1849.5617031899496,-2277.7965121501666
2035-01-31,111,-1292.9826770628986,-1598.418019903438,-199346.45646250612,-408618.58610632527,-1852.3866822256737,-2289.967456814292
2035-02-28,112,-1290.7290270453914,-1601.7085131231026,-200637.1854895515,-410220.29461944837,-1855.2116612613977,-2302.193759669073
2035-03-31,113,-1288.4763175172686,-1604.9989017383327,-201925.66180706877,-411825.2935211867,-1858.0366402971226,-2314.4754207145106
2035-04-30,114,-1286.2245663366239,-1608.2890261314021,-203211.8863734054,-413433.5825473181,-1860.8616193328469,-2326.8124399506046
2035-05-31,115,-1283.9737912349954,-1611.5787281361265,-204495.86016464038,-415045.1612754542,-1863.6865983685718,-2339.2048173773546
2035-06-30,116,-1281.7240098179975,-1614.867851028759,-205777.58417445837,-416660.02912648296,-1866.5115774042968,-2351.652552994761
2035-07-31,117,-1279.4752395659561,-1618.1562395189292,-207057.05941402432,-418278.1853660019,-1869.3365564400224,-2364.155646802824
2035-08-31,118,-1277.2274978345379,-1621.4437397406336,-208334.28691185886,-419899.62910574256,-1872.1615354757473,-2376.7140988015426
2035-09-30,119,-1274.980801855378,-1624.7301992432726,-209609.26771371425,-421524.3593049858,-1874.9865145114727,-2389.327908990918
2035-10-31,120,116942.02416507341,331693.87590150855,-92667.24354864084,-89830.48340347724,-1877.8114935471979,-2401.9970773709492
