Date,Month,Cumulative_Buying,Cumulative_Renting,Cost_Difference,Buying_Monthly,Renting_Monthly,Is_BreakEven,BreakEven_Month,BreakEven_Date
2025-11-30,1,68969.63611664347,3385.469047971271,65584.16706867219,3725.704646909469,3385.469047971271,False,231,2045-01-31
2025-12-31,2,72698.74282915654,6782.662690866526,65916.08013829002,3729.1067125130676,3397.1936428952545,False,231,2045-01-31
2026-01-31,3,76431.25160727321,10190.377607005905,66240.8740002673,3732.508778116667,3407.7149161393795,False,231,2045-01-31
2026-02-28,4,80167.16245099346,13607.569934426334,66559.59251656712,3735.910843720266,3417.1923274204282,False,231,2045-01-31
2026-03-31,5,83906.47536031733,17033.371555525282,66873.10380479204,3739.3129093238654,3425.8016210989485,False,231,2045-01-31
2026-04-30,6,87649.1903352448,20467.095040685916,67182.09529455888,3742.714974927464,3433.723485160635,False,231,2045-01-31
2026-05-31,7,91395.30737577585,23908.229284323454,67487.0780914524,3746.1170405310636,3441.13424363754,False,231,2045-01-31
2026-06-30,8,95144.82648191052,27356.427890051968,67788.39859185855,3749.519106134663,3448.1986057285153,False,231,2045-01-31
2026-07-31,9,98897.74765364878,30811.492285567587,68086.2553680812,3752.921171738262,3455.064395515618,False,231,2045-01-31
2026-08-31,10,102654.07089099065,34273.35139569376,68380.71949529689,3756.3232373418614,3461.859110126171,False,231,2045-01-31
2026-09-30,11,106413.79619393611,37742.03949600643,68671.75669792968,3759.7253029454605,3468.6881003126714,False,231,2045-01-31
2026-10-31,12,110176.92356248517,41217.67362978256,68959.2499327026,3763.1273685490596,3475.6341337761355,False,231,2045-01-31
2026-11-30,13,113943.45299663783,44700.43171544144,69243.02128119639,3766.5294341526587,3482.7580856588743,False,231,2045-01-31
2026-12-31,14,117713.3844963941,48190.53221511549,69522.85228127861,3769.9314997562583,3490.100499674054,False,231,2045-01-31
2027-01-31,15,121486.71806175396,51688.21598950249,69798.50207225146,3773.3335653598574,3497.6837743869974,False,231,2045-01-31
2027-02-28,16,125263.4536927174,55193.73073881694,70069.72295390046,3776.7356309634565,3505.514749314452,False,231,2045-01-31
2027-03-31,17,129043.59138928447,58707.31823083676,70336.2731584477,3780.137696567056,3513.5874920198203,False,231,2045-01-31
2027-04-30,18,132827.1311514551,62229.20434860221,70597.92680285289,3783.539762170655,3521.886117765449,False,231,2045-01-31
2027-05-31,19,136614.0729792294,65759.5918539685,70854.48112526089,3786.9418277742543,3530.387505366283,False,231,2045-01-31
2027-06-30,20,140404.41687260722,69298.6556588244,71105.76121378283,3790.343893377854,3539.063804855908,False,231,2045-01-31
2027-07-31,21,144198.16283158868,72846.54032180156,71351.62250978712,3793.745958981453,3547.88466297716,False,231,2045-01-31
2027-08-31,22,147995.31085617375,76403.35944205859,71591.95141411516,3797.148024585052,3556.8191202570274,False,231,2045-01-31
2027-09-30,23,151795.86094636237,79969.19659982919,71826.66434653319,3800.5500901886517,3565.837157770597,False,231,2045-01-31
2027-10-31,24,155599.81310215464,83544.10749202763,72055.70561012701,3803.952155792251,3574.910892198449,False,231,2045-01-31
2027-11-30,25,159407.1673235505,87128.1229262863,72279.0443972642,3807.35422139585,3584.015434258676,False,231,2045-01-31
2027-12-31,26,163217.92361054994,90721.25236437813,72496.67124617181,3810.756286999449,3593.129438091828,False,231,2045-01-31
2028-01-31,27,167032.08196315297,94323.48774229051,72708.59422086246,3814.1583526030486,3602.23537791238,False,231,2045-01-31
2028-02-29,28,170849.64238135965,97934.80733585206,72914.83504550759,3817.5604182066472,3611.319593561544,False,231,2045-01-31
2028-03-31,29,174670.60486516988,101555.17948479102,73115.42538037886,3820.962483810247,3620.3721489389504,False,231,2045-01-31
2028-04-30,30,178494.96941458373,105184.5660319319,73310.40338265183,3824.3645494138464,3629.3865471408853,False,231,2045-01-31
2028-05-31,31,182322.7360296012,108822.92537592613,73499.81065367506,3827.7666150174455,3638.359343994239,False,231,2045-01-31
2028-06-30,32,186153.9047102222,112470.21507396922,73683.689636253,3831.1686806210446,3647.289698043083,False,231,2045-01-31
2028-07-31,33,189988.47545644687,116126.39396435316,73862.08149209371,3834.5707462246437,3656.1788903839433,False,231,2045-01-31
2028-08-31,34,193826.44826827513,119791.42380682932,74035.0244614458,3837.9728118282433,3665.0298424761577,False,231,2045-01-31
2028-09-30,35,197667.82314570696,123465.27046136852,74202.55268433844,3841.3748774318424,3673.8466545392057,False,231,2045-01-31
2028-10-31,36,201512.60008874242,127147.904643061,74364.69544568141,3844.7769430354415,3682.6341816924864,False,231,2045-01-31
2028-11-30,37,205360.77909738146,130839.3023028953,74521.47679448615,3848.179008639041,3691.3976598343056,False,231,2045-01-31
2028-12-31,38,209212.3601716241,134539.44469146943,74672.91548015468,3851.58107424264,3700.142388574138,False,231,2045-01-31
2029-01-31,39,213067.34331147035,138248.3181659157,74819.02514555465,3854.9831398462393,3708.873474446277,False,231,2045-01-31
2029-02-28,40,216925.72851692018,141965.9138001287,74959.81471679147,3858.385205449839,3717.5956342130057,False,231,2045-01-31
2029-03-31,41,220787.51578797362,145692.22685546483,75095.28893250879,3861.7872710534375,3726.3130553361216,False,231,2045-01-31
2029-04-30,42,224652.70512463065,149427.25616410992,75225.44896052073,3865.189336657037,3735.029308645077,False,231,2045-01-31
2029-05-31,43,228521.2965268913,153171.00347092713,75350.29305596417,3868.5914022606366,3743.747306817212,False,231,2045-01-31
2029-06-30,44,232393.28999475553,156923.47277237565,75469.81722237988,3871.9934678642353,3752.4693014485165,False,231,2045-01-31
2029-07-31,45,236268.68552822337,160684.66968353145,75584.01584469192,3875.395533467835,3761.196911155805,False,231,2045-01-31
2029-08-31,46,240147.4831272948,164454.60085676055,75692.88227053426,3878.797599071434,3769.931173229084,False,231,2045-01-31
2029-09-30,47,244029.68279196983,168233.27346852035,75796.40932344948,3882.199664675033,3778.6726117598078,False,231,2045-01-31
2029-10-31,48,247915.28452224846,172020.6947843427,75894.58973790577,3885.601730278632,3787.421315822355,False,231,2045-01-31
2029-11-30,49,251804.28831813068,175816.87180644623,75987.41651168445,3889.0037958822318,3796.1770221035445,False,231,2045-01-31
2029-12-31,50,255696.69417961652,179621.81100373392,76074.8831758826,3892.405861485831,3804.939197287697,False,231,2045-01-31
2030-01-31,51,259592.50210670594,183435.5181201855,76156.98398652044,3895.80792708943,3813.707116451578,False,231,2045-01-31
2030-02-28,52,263491.71209939895,187257.9980548396,76233.71404455934,3899.2099926930296,3822.4799346541204,False,231,2045-01-31
2030-03-31,53,267394.32415769564,191089.25480462014,76305.0693530755,3902.6120582966287,3831.256749780526,False,231,2045-01-31
2030-04-30,54,271300.33828159585,194929.29146011014,76371.04682148571,3906.014123900228,3840.0366554899983,False,231,2045-01-31
2030-05-31,55,275209.7544710997,198778.11024391174,76431.64422718796,3909.4161895038274,3848.818783801601,False,231,2045-01-31
2030-06-30,56,279122.5727262071,202635.71258133452,76486.86014487257,3912.8182551074265,3857.6023374227766,False,231,2045-01-31
2030-07-31,57,283038.7930469181,206502.09919371115,76536.69385320696,3916.2203207110256,3866.3866123766375,False,231,2045-01-31
2030-08-31,58,286958.41543323273,210377.27020553124,76581.14522770149,3919.622386314625,3875.171011820082,False,231,2045-01-31
2030-09-30,59,290881.439885151,214261.2252577039,76620.2146274471,3923.0244519182243,3883.9550521726514,False,231,2045-01-31
2030-10-31,60,294807.8664026728,218153.9636205108,76653.90278216198,3926.4265175218234,3892.738362806908,False,231,2045-01-31
2030-11-30,61,298737.6949857982,222055.48430110907,76682.21068468914,3929.8285831254225,3901.520680598271,False,231,2045-01-31
2030-12-31,62,302670.92563452723,225965.7861417193,76705.13949280794,3933.230648729022,3910.3018406102337,False,231,2045-01-31
2031-01-31,63,306607.5583488599,229884.86790583376,76722.69044302613,3936.6327143326216,3919.0817641144786,False,231,2045-01-31
2031-02-28,64,310547.5931287961,233812.72835086277,76734.86477793331,3940.0347799362203,3927.8604450290118,False,231,2045-01-31
2031-03-31,65,314491.0299743359,237749.3662865771,76741.66368775882,3943.43684553982,3936.6379357143387,False,231,2045-01-31
2031-04-30,66,318437.8688854793,241694.78061948696,76743.08826599232,3946.838911143419,3945.414332909863,False,231,2045-01-31
2031-05-31,67,322388.1098622263,245648.97038391724,76739.13947830905,3950.240976747018,3954.1897644302694,False,231,2045-01-31
2031-06-30,68,326341.75290457695,249611.93476100036,76729.81814357659,3953.643042350617,3962.964377083103,False,231,2045-01-31
2031-07-31,69,330298.7980125312,253583.6730871209,76715.12492541029,3957.0451079542167,3971.7383261205373,False,231,2045-01-31
2031-08-31,70,334259.245186089,257564.18485352618,76695.06033256283,3960.447173557816,3980.5117664052746,False,231,2045-01-31
2031-09-30,71,338223.0944252504,261553.46969888188,76669.62472636855,3963.849239161415,3989.2848453556935,False,231,2045-01-31
2031-10-31,72,342190.3457300154,265551.5273965223,76638.81833349314,3967.2513047650145,3998.057697640428,False,231,2045-01-31
2031-11-30,73,346160.999100384,269558.3578380402,76602.6412623438,3970.6533703686137,4006.8304415179355,False,231,2045-01-31
2031-12-31,74,350135.05453635624,273573.96101470187,76561.09352165437,3974.0554359722128,4015.603176661668,False,231,2045-01-31
2032-01-31,75,354112.51203793206,277598.3369979767,76514.17503995536,3977.4575015758123,4024.3759832748246,False,231,2045-01-31
2032-02-29,76,358093.37160511146,281631.485920255,76461.88568485645,3980.859567179411,4033.148922278339,False,231,2045-01-31
2032-03-31,77,362077.63323789445,285673.4079566045,76404.22528128995,3984.2616327830106,4041.9220363494687,False,231,2045-01-31
2032-04-30,78,366065.2969362811,289724.10330819804,76341.19362808304,3987.66369838661,4050.695351593566,False,231,2045-01-31
2032-05-31,79,370056.3627002713,293783.57218784385,76272.79051242745,3991.065763990209,4059.4688796457854,False,231,2045-01-31
2032-06-30,80,374050.8305298651,297851.8148078641,76199.01572200103,3994.4678295938083,4068.242620020216,False,231,2045-01-31
2032-07-31,81,378048.7004250625,301928.831370413,76119.86905464949,3997.8698951974075,4077.016562548911,False,231,2045-01-31
2032-08-31,82,382049.9723858635,306014.62206019356,76035.35032566992,4001.2719608010066,4085.790689780562,False,231,2045-01-31
2032-09-30,83,386054.6464122681,310109.18703942996,75945.45937283814,4004.6740264046057,4094.5649792363765,False,231,2045-01-31
2032-10-31,84,390062.7225042763,314212.52644487773,75850.19605939859,4008.0760920082053,4103.339405447747,False,231,2045-01-31
2032-11-30,85,394074.2006618881,318324.6403866031,75749.56027528504,4011.478157611805,4112.1139417253535,False,231,2045-01-31
2032-12-31,86,398089.0808851035,322445.52894823486,75643.55193686864,4014.8802232154035,4120.888561631773,False,231,2045-01-31
2033-01-31,87,402107.3631739225,326575.1921883837,75532.1709855388,4018.282288819003,4129.663240148884,False,231,2045-01-31
2033-02-28,88,406129.04752834514,330713.6301429309,75415.41738541424,4021.684354422602,4138.437954547153,False,231,2045-01-31
2033-03-31,89,410154.13394837134,334860.84282790706,75293.29112046427,4025.0864200262013,4147.212684976193,False,231,2045-01-31
2033-04-30,90,414182.6224340011,339016.83024271205,75165.79219128907,4028.488485629801,4155.987414804982,False,231,2045-01-31
2033-05-31,91,418214.5129852345,343181.592373458,75032.92061177647,4031.8905512334,4164.762130745974,False,231,2045-01-31
2033-06-30,92,422249.8056020715,347355.1291962585,74894.67640581302,4035.2926168369995,4173.53682280047,False,231,2045-01-31
2033-07-31,93,426288.5002845121,351537.4406803219,74751.05960419023,4038.6946824405986,4182.3114840634125,False,231,2045-01-31
2033-08-31,94,430330.5970325563,355728.5267907465,74602.07024180982,4042.0967480441977,4191.086110424612,False,231,2045-01-31
2033-09-30,95,434376.0958462041,359928.3874909473,74447.70835525676,4045.4988136477973,4199.860700200822,False,231,2045-01-31
2033-10-31,96,438424.9967254555,364137.02274467674,74287.97398077877,4048.900879251396,4208.635253729387,False,231,2045-01-31
2033-11-30,97,442477.2996703105,368354.4325176266,74122.8671526839,4052.3029448549955,4217.409772949849,False,231,2045-01-31
2033-12-31,98,446533.0046807691,372580.6167786218,73952.38790214731,4055.705010458595,4226.184260995179,False,231,2045-01-31
2034-01-31,99,450592.1117568313,376815.57550043135,73776.53625639994,4059.1070760621938,4234.95872180954,False,231,2045-01-31
2034-02-28,100,454654.62089849706,381059.30866023625,73595.31223826081,4062.5091416657933,4243.733159804899,False,231,2045-01-31
2034-03-31,101,458720.53210576647,385311.81623980077,73408.7158659657,4065.9112072693924,4252.507579564553,False,231,2045-01-31
2034-04-30,102,462789.84537863947,389573.09822539863,73216.74715324084,4069.3132728729915,4261.281985597885,False,231,2045-01-31
2034-05-31,103,466862.56071711605,393843.15460754605,73019.40610957,4072.7153384765907,4270.056382147404,False,231,2045-01-31
2034-06-30,104,470938.6781211962,398121.98538059264,72816.69274060358,4076.11740408019,4278.83077304656,False,231,2045-01-31
2034-07-31,105,475018.19759088004,402409.59054221737,72608.60704866267,4079.5194696837893,4287.605161624744,False,231,2045-01-31
2034-08-31,106,479101.11912616744,406705.9700928718,72395.14903329563,4082.9215352873885,4296.379550654442,False,231,2045-01-31
2034-09-30,107,483187.4427270584,411011.1240352064,72176.31869185204,4086.323600890988,4305.153942334578,False,231,2045-01-31
2034-10-31,108,487277.168393553,415325.05237350997,71952.11602004303,4089.725666494587,4313.928338303591,False,231,2045-01-31
2034-11-30,109,491370.29612565116,419647.7551131857,71722.54101246549,4093.1277320981862,4322.702739675723,False,231,2045-01-31
2034-12-31,110,495466.82592335297,423979.2322602799,71487.59366307309,4096.529797701785,4331.4771470942105,False,231,2045-01-31
2035-01-31,111,499566.75778665836,428319.48382107547,71247.27396558289,4099.9318633053845,4340.251560795568,False,231,2045-01-31
2035-02-28,112,503670.09171556734,432668.50980175525,71001.58191381209,4103.333928908984,4349.025980679785,False,231,2045-01-31
2035-03-31,113,507776.8277100799,437026.31020813726,70750.51750194264,4106.735994512584,4357.800406382025,False,231,2045-01-31
2035-04-30,114,511886.9657701961,441392.8850454795,70494.0807247166,4110.138060116182,4366.574837342235,False,231,2045-01-31
2035-05-31,115,516000.5058959159,445768.2343183494,70232.27157756651,4113.540125719782,4375.349272869852,False,231,2045-01-31
2035-06-30,116,520117.4480872393,450152.35803055105,69965.09005668823,4116.942191323381,4384.123712201637,False,231,2045-01-31
2035-07-31,117,524237.79234416626,454545.2561851024,69692.53615906386,4120.344256926981,4392.898154551315,False,231,2045-01-31
2035-08-31,118,528361.5386666968,458946.9287842528,69414.60988244397,4123.746322530579,4401.672599150378,False,231,2045-01-31
2035-09-30,119,532488.6870548311,463357.37582953274,69131.31122529833,4127.148388134179,4410.447045279941,False,231,2045-01-31
2035-10-31,120,536619.2375085688,467776.5973218267,68842.64018674212,4130.550453737778,4419.221492293959,False,231,2045-01-31
2035-11-30,121,540753.9096814771,472205.64300736913,68548.26667410799,4134.672172908288,4429.045685542432,False,231,2045-01-31
2035-12-31,122,544892.7177198773,476644.5347259282,68248.18299394904,4138.808038400181,4438.891718559096,False,231,2045-01-31
2036-01-31,123,549035.6758186428,481093.29436582327,67942.38145281957,4142.958098765626,4448.759639895062,False,231,2045-01-31
2036-02-29,124,553182.7982213662,485551.9438640326,67630.85435733362,4147.122402723431,4458.64949820937,False,231,2045-01-31
2036-03-31,125,557334.0992205259,490020.50520630187,67313.59401422407,4151.300999159613,4468.561342269233,False,231,2045-01-31
2036-04-30,126,561489.5931576539,494499.00042725215,66990.59273040178,4155.493937127974,4478.495220950276,False,231,2045-01-31
2036-05-31,127,565649.2944235046,498987.45161048893,66661.84281301568,4159.701265850674,4488.451183236777,False,231,2045-01-31
2036-06-30,128,569813.2174582235,503485.88088871085,66327.33656951261,4163.92303471881,4498.42927822191,False,231,2045-01-31
2036-07-31,129,573981.3767515165,507994.31044381886,65987.06630769762,4168.159293293,4508.429555107986,False,231,2045-01-31
2036-08-31,130,578153.7868428204,512512.76250702556,65641.02433579479,4172.4100913039565,4518.452063206694,False,231,2045-01-31
2036-09-30,131,582330.4623214734,517041.2593589649,65289.20296250848,4176.675478653076,4528.496851939349,False,231,2045-01-31
2036-10-31,132,586511.4178268864,521579.823329802,64931.594497084385,4180.955505413025,4538.563970837129,False,231,2045-01-31
2036-11-30,133,590696.6680487148,526128.4767993434,64568.19124937139,4185.250221828327,4548.653469541326,False,231,2045-01-31
2036-12-31,134,594886.2277270306,530687.242197147,64198.98552988365,4189.559678315949,4558.765397803584,False,231,2045-01-31
2037-01-31,135,599080.1116524965,535256.1420026332,63823.96964986331,4193.883925465899,4568.899805486151,False,231,2045-01-31
2037-02-28,136,603278.3346665383,539835.1987451953,63443.135921343,4198.223014041813,4579.056742562121,False,231,2045-01-31
2037-03-31,137,607480.9116615199,544424.4350043109,63056.47665720899,4202.57699498156,4589.23625911568,False,231,2045-01-31
2037-04-30,138,611687.8575809179,549023.8734096533,62663.98417126457,4206.945919397833,4599.438405342355,False,231,2045-01-31
2037-05-31,139,615899.1874194965,553633.5366412025,62265.65077829396,4211.329838578748,4609.66323154926,False,231,2045-01-31
2037-06-30,140,620114.916223485,558253.4474293579,61861.46879412711,4215.728803988454,4619.910788155346,False,231,2045-01-31
2037-07-31,141,624335.0590907526,562883.6285550495,61451.43053570308,4220.142867267729,4630.181125691648,False,231,2045-01-31
2037-08-31,142,628559.6311709874,567524.1028498511,61035.528321136255,4224.57208023459,4640.474294801534,False,231,2045-01-31
2037-09-30,143,632788.6476658722,572174.8931960921,60613.754469780135,4229.016494884902,4650.790346240954,False,231,2045-01-31
2037-10-31,144,637022.1238292651,576836.0225269708,60186.10130229429,4233.476163392985,4661.129330878694,False,231,2045-01-31
2037-11-30,145,641260.0749673774,581507.5138266674,59752.561140709906,4237.95113811223,4671.491299696624,False,231,2045-01-31
2037-12-31,146,645502.5164389531,586189.3901304574,59313.12630849576,4242.441471575712,4681.876303789948,False,231,2045-01-31
2038-01-31,147,649749.4636554499,590881.6745248248,58867.78913062508,4246.947216496807,4692.284394367458,False,231,2045-01-31
2038-02-28,148,654000.9320812197,595584.3901475766,58416.541933643166,4251.468425769811,4702.715622751787,False,231,2045-01-31
2038-03-31,149,658256.9372336904,600297.5601879562,57959.3770457342,4256.0051524705605,4713.170040379662,False,231,2045-01-31
2038-04-30,150,662517.4946835474,605021.2078867584,57496.286796789034,4260.557449857054,4723.647698802156,False,231,2045-01-31
2038-05-31,151,666782.6200549174,609755.3565364433,57027.263518474065,4265.125371370083,4734.148649684942,False,231,2045-01-31
2038-06-30,152,671052.3290255512,614500.0294812518,56552.29954429937,4269.70897063385,4744.672944808552,False,231,2045-01-31
2038-07-31,153,675326.637327008,619255.2501173205,56071.3872096875,4274.308301456608,4755.220636068625,False,231,2045-01-31
2038-08-31,154,679605.5607448393,624021.0418927966,55584.518852042616,4278.923417831286,4765.79177547617,False,231,2045-01-31
2038-09-30,155,683889.1151187753,628797.4283079545,55091.68681082083,4283.554373936124,4776.38641515782,False,231,2045-01-31
2038-10-31,156,688177.3163429108,633584.4329153105,54592.88342760026,4288.201224135308,4787.004607356086,False,231,2045-01-31
2038-11-30,157,692470.1803658903,638382.0793197401,54088.1010461502,4292.864022979612,4797.64640442962,False,231,2045-01-31
2038-12-31,158,696767.7231910974,643190.3911785935,53577.33201250387,4297.542825207035,4808.311858853469,False,231,2045-01-31
2039-01-31,159,701069.9608768409,648009.3922018128,53060.568675028044,4302.237685743445,4819.0010232193345,False,231,2045-01-31
2039-02-28,160,705376.909536544,652839.1061520487,52537.80338449532,4306.94865970322,4829.713950235834,False,231,2045-01-31
2039-03-31,161,709688.5853389339,657679.5568447774,52009.02849415643,4311.675802389905,4840.450692728758,False,231,2045-01-31
2039-04-30,162,714005.0045082308,662530.7681484187,51474.23635981209,4316.419169296847,4851.211303641334,False,231,2045-01-31
2039-05-31,163,718326.1833243386,667392.7639844533,50933.41933988535,4321.17881610786,4861.995836034483,False,231,2045-01-31
2039-06-30,164,722652.1381230366,672265.5683275404,50386.56979549618,4325.9547986978705,4872.804343087085,False,231,2045-01-31
2039-07-31,165,726982.8852961701,677149.2052056367,49833.68009053345,4330.7471731335745,4883.636878096239,False,231,2045-01-31
2039-08-31,166,731318.4412918442,682043.6987001142,49274.742591730086,4335.555995674098,4894.493494477529,False,231,2045-01-31
2039-09-30,167,735658.8226146158,686949.0729458794,48709.74966873636,4340.3813227716555,4905.374245765281,False,231,2045-01-31
2039-10-31,168,740004.0458256882,691865.3521314922,48138.69369419594,4345.223211072214,4916.279185612833,False,231,2045-01-31
2039-11-30,169,744354.1275431043,696792.560499285,47561.56704381935,4350.081717416158,4927.208367792799,False,231,2045-01-31
2039-12-31,170,748709.0844419433,701730.7223454823,46978.362096461,4354.9568988389565,4938.161846197331,False,231,2045-01-31
2040-01-31,171,753068.933254515,706679.8620203207,46389.07123419433,4359.84881257183,4949.139674838387,False,231,2045-01-31
2040-02-29,172,757433.6907705576,711640.0039281687,45793.68684238894,4364.757516042428,4960.141907847997,False,231,2045-01-31
2040-03-31,173,761803.373837433,716611.1725276472,45192.20130978583,4369.683066875495,4971.168599478528,False,231,2045-01-31
2040-04-30,174,766177.9993603264,721593.3923317501,44584.60702857631,4374.625522893556,4982.219804102957,False,231,2045-01-31
2040-05-31,175,770557.584302444,726586.6879079653,43970.89639447874,4379.584942117589,4993.295576215131,False,231,2045-01-31
2040-06-30,176,774942.1456852118,731591.0838783953,43351.06180681649,4384.56138276771,5004.395970430044,False,231,2045-01-31
2040-07-31,177,779331.7005884757,736606.6049198793,42725.09566859633,4389.554903263853,5015.521041484099,False,231,2045-01-31
2040-08-31,178,783726.266150702,741633.2757641147,42092.990386587335,4394.565562226458,5026.670844235385,False,231,2045-01-31
2040-09-30,179,788125.8595691791,746671.1211977786,41454.73837140051,4399.593418477158,5037.845433663939,False,231,2045-01-31
2040-10-31,180,792530.4981002186,751720.1660626506,40810.332037567976,4404.638531039471,5049.044864872026,False,231,2045-01-31
2040-11-30,181,796940.1990593581,756780.4352557351,40159.763803623035,4409.700959139492,5060.269193084405,False,231,2045-01-31
2040-12-31,182,801354.9798215646,761851.9537293836,39503.02609218098,4414.780762206587,5071.5184736486035,False,231,2045-01-31
2041-01-31,183,805774.8578214387,766934.7464914188,38840.11133001989,4419.877999874095,5082.792762035189,False,231,2045-01-31
2041-02-28,184,810199.8505534187,772028.8386052569,38171.011948161875,4424.992731980021,5094.0921138380445,False,231,2045-01-31
2041-03-31,185,814629.9755719865,777134.2551900315,37495.720381955034,4430.125018567745,5105.416584774641,False,231,2045-01-31
2041-04-30,186,819065.2504918734,782251.0214207178,36814.22907115554,4435.274919886724,5116.766230686311,False,231,2045-01-31
2041-05-31,187,823505.6929882665,787379.1625282563,36126.530460010166,4440.4424963932,5128.1411075385295,False,231,2045-01-31
2041-06-30,188,827951.3207970175,792518.7037996774,35432.61699734011,4445.627808750908,5139.5412714211825,False,231,2045-01-31
2041-07-31,189,832402.1517148493,797669.6705782263,34732.481136622955,4450.83091783179,5150.966778548848,False,231,2045-01-31
2041-08-31,190,836858.2035995659,802832.0882634874,34026.11533607845,4456.051884716711,5162.417685261074,False,231,2045-01-31
2041-09-30,191,841319.4943702621,808005.9823115101,33313.51205875201,4461.2907706961705,5173.894048022654,False,231,2045-01-31
2041-10-31,192,845786.0420075331,813191.3782349341,32594.663772599073,4466.54763727103,5185.395923423905,False,231,2045-01-31
2041-11-30,193,850257.8645536862,818388.301603115,31869.562950571184,4471.822546153226,5196.923368180947,False,231,2045-01-31
2041-12-31,194,854734.9801129529,823596.778042251,31138.202070701867,4477.115559266503,5208.476439135988,False,231,2045-01-31
2042-01-31,195,859217.4068517,828816.8332355086,30400.573616191396,4482.426738747134,5220.055193257593,False,231,2045-01-31
2042-02-28,196,863705.1629986446,834048.4929231496,29656.67007549503,4487.756146944653,5231.659687640976,False,231,2045-01-31
2042-03-31,197,868198.2668450673,839291.7829026579,28906.483942409395,4493.103846422588,5243.289979508277,False,231,2045-01-31
2042-04-30,198,872696.7367450264,844546.7290288667,28150.007716159686,4498.469899959191,5254.946126208842,False,231,2045-01-31
2042-05-31,199,877200.5911155746,849813.3572140862,27387.233901488362,4503.854370548182,5266.628185219509,False,231,2045-01-31
2042-06-30,200,881709.8484369742,855091.6934282312,26618.15500874305,4509.257321399478,5278.336214144891,False,231,2045-01-31
2042-07-31,201,886224.5272529142,860381.7636989488,25842.76355396537,4514.6788159399475,5290.070270717658,False,231,2045-01-31
2042-08-31,202,890744.6461707281,865683.5941117476,25061.052058980567,4520.118917814148,5301.830412798826,False,231,2045-01-31
2042-09-30,203,895270.2238616133,870997.2108101256,24273.01305148774,4525.577690885068,5313.616698378037,False,231,2045-01-31
2042-10-31,204,899801.279060848,876322.6399956994,23478.639065148658,4531.055199234892,5325.4291855738475,False,231,2045-01-31
2042-11-30,205,904337.830568014,881659.9079283334,22677.92263968056,4536.5515071657355,5337.267932634017,False,231,2045-01-31
2042-12-31,206,908879.8972472143,887009.0409262691,21870.856320945197,4542.066679200414,5349.132997935791,False,231,2045-01-31
2043-01-31,207,913427.4980272974,892370.0653662554,21057.432661042083,4547.60078008319,5361.024439986191,False,231,2045-01-31
2043-02-28,208,917980.651902078,897743.0076836777,20237.644218400237,4553.153874780542,5372.942317422307,False,231,2045-01-31
2043-03-31,209,922539.3779305599,903127.8943726893,19411.48355787061,4558.726028481916,5384.886689011577,False,231,2045-01-31
2043-04-30,210,927103.6952371604,908524.7519863414,18578.943250818993,4564.317306600504,5396.857613652087,False,231,2045-01-31
2043-05-31,211,931673.6230119346,913933.6071367143,17740.0158752203,4569.927774774002,5408.855150372856,False,231,2045-01-31
2043-06-30,212,936249.1805107999,919354.4864950484,16894.694015751476,4575.557498865384,5420.879358334126,False,231,2045-01-31
2043-07-31,213,940830.3870557635,924787.4167918761,16042.97026388743,4581.206544963675,5432.930296827658,False,231,2045-01-31
2043-08-31,214,945417.2620351482,930232.4248171531,15184.837217995082,4586.874979384728,5445.00802527702,False,231,2045-01-31
2043-09-30,215,950009.8249038202,935689.537420391,14320.287483429187,4592.562868672001,5457.112603237885,False,231,2045-01-31
2043-10-31,216,954608.0951834177,941158.7815107893,13449.31367262837,4598.270279597336,5469.24409039832,False,231,2045-01-31
2043-11-30,217,959212.0924625793,946640.1840573684,12571.908405210823,4603.99727916175,5481.402546579082,False,231,2045-01-31
2043-12-31,218,963821.8363971754,952133.7720891023,11688.064308073139,4609.743934596214,5493.588031733913,False,231,2045-01-31
2044-01-31,219,968437.346710538,957639.5726950521,10797.774015485891,4615.510313362445,5505.8006059498375,False,231,2045-01-31
2044-02-29,220,973058.6431936917,963157.6130244996,9901.03016919212,4621.296483153698,5518.0403294474545,False,231,2045-01-31
2044-03-31,221,977685.7457055873,968687.9202870808,8997.825418506516,4627.102511895563,5530.307262581239,False,231,2045-01-31
2044-04-30,222,982318.6741733339,974230.5217529207,8088.152420413215,4632.928467746758,5542.601465839837,False,231,2045-01-31
2044-05-31,223,986957.4485924339,979785.4447527671,7172.003839666839,4638.774419099932,5554.922999846364,False,231,2045-01-31
2044-06-30,224,991602.0890270164,985352.7166781258,6249.37234889064,4644.640434582468,5567.271925358705,False,231,2045-01-31
2044-07-31,225,996252.6156100736,990932.3649813955,5320.250628678012,4650.526583057286,5579.648303269812,False,231,2045-01-31
2044-08-31,226,1000909.0485436972,996524.4171760036,4384.631367693655,4656.432933623654,5592.052194608007,False,231,2045-01-31
2044-09-30,227,1005571.4080993154,1002128.9008365409,3442.5072627745103,4662.359555618002,5604.483660537282,False,231,2045-01-31
2044-10-31,228,1010239.7146179301,1007745.8435988985,2493.8710190316197,4668.306518614725,5616.942762357598,False,231,2045-01-31
2044-11-30,229,1014913.988510357,1013375.2731604037,1538.7153499532724,4674.273892427015,5629.429561505193,False,231,2045-01-31
2044-12-31,230,1019594.2502574648,1019017.2172799566,577.0329775082646,4680.261747107666,5641.944119552878,False,231,2045-01-31
2045-01-31,231,1024280.5204104148,1024671.7037781669,-391.18336775212083,4686.270152949909,5654.486498210345,True,231,2045-01-31
2045-02-28,232,1028972.8195909029,1030338.7605374914,-1365.9409465885255,4692.299180488227,5667.056759324472,False,231,2045-01-31
2045-03-31,233,1033671.1684914022,1036018.415502371,-2347.2470109688584,4698.348900499189,5679.6549648796245,False,231,2045-01-31
2045-04-30,234,1038375.5878754044,1041710.696679369,-3335.1088039645692,4704.419384002277,5692.281176997963,False,231,2045-01-31
2045-05-31,235,1043086.0985776652,1047415.6321373087,-4329.533559643547,4710.510702260727,5704.935457939749,False,231,2045-01-31
2045-06-30,236,1047802.7215044475,1053133.2500074124,-5330.52850296488,4716.6229267823555,5717.617870103654,False,231,2045-01-31
2045-07-31,237,1052525.4776337678,1058863.5784834395,-6338.100849671755,4722.756129320405,5730.328476027065,False,231,2045-01-31
2045-08-31,238,1057254.3880156423,1064606.6458218258,-7352.2578061835375,4728.910381874388,5743.067338386392,False,231,2045-01-31
2045-09-30,239,1061989.4737723332,1070362.4803418233,-8373.00656949007,4735.085756690926,5755.83451999738,False,231,2045-01-31
2045-10-31,240,1066730.7560985978,1076131.1104256387,-9400.354327040957,4741.282326264602,5768.630083815416,False,231,2045-01-31
2045-11-30,241,1071478.2562619366,1081912.5645185746,-10434.308256638004,4747.500163338812,5781.45409293584,False,231,2045-01-31
2045-12-31,242,1076231.9956028434,1087706.871129169,-11474.875526325544,4753.739340906616,5794.306610594259,False,231,2045-01-31
2046-01-31,243,1080991.995535055,1093514.0588293357,-12522.063294280786,4759.999932211598,5807.1877001668545,False,231,2045-01-31
2046-02-28,244,1085758.2775458037,1099334.1562545064,-13575.878708702745,4766.282010748723,5820.0974251706975,False,231,2045-01-31
2046-03-31,245,1090530.863196069,1105167.1921037706,-14636.328907701652,4772.585650265201,5833.035849264063,False,231,2045-01-31
2046-04-30,246,1095309.7741208302,1111013.1951400172,-15703.421019186964,4778.910924761355,5846.003036246739,False,231,2045-01-31
2046-05-31,247,1100095.0320293217,1116872.1941900775,-16777.162160755834,4785.257908491484,5858.999050060346,False,231,2045-01-31
2046-06-30,248,1104886.6587052864,1122744.2181448662,-17857.559439579723,4791.626675964741,5872.023954788651,False,231,2045-01-31
2046-07-31,249,1109684.6760072324,1128629.295959524,-18944.619952291716,4798.017301946004,5885.077814657882,False,231,2045-01-31
2046-08-31,250,1114489.1058686893,1134527.4566535612,-20038.35078487196,4804.429861456755,5898.1606940370475,False,231,2045-01-31
2046-09-30,251,1119299.970298465,1140438.7293109994,-21138.759012534283,4810.864429775959,5911.27265743825,False,231,2045-01-31
2046-10-31,252,1124117.291380906,1146363.1430805165,-22245.851699610474,4817.3210824409525,5924.413769517006,False,231,2045-01-31
2046-11-30,253,1128941.0912761544,1152300.727175589,-23359.635899434565,4823.79989524832,5937.584095072567,False,231,2045-01-31
2046-12-31,254,1133771.3922204091,1158251.5108746372,-24480.11865422805,4830.300944254799,5950.7836990482365,False,231,2045-01-31
2047-01-31,255,1138608.2165261873,1164215.5235211689,-25607.306994981598,4836.824305778158,5964.012646531691,False,231,2045-01-31
2047-02-28,256,1143451.5865825855,1170192.7945239241,-26741.207941338653,4843.370056398103,5977.271002755299,False,231,2045-01-31
2047-03-31,257,1148301.5248555427,1176183.3533570205,-27881.828501477838,4849.938272957169,5990.558833096447,False,231,2045-01-31
2047-04-30,258,1153158.0538881044,1182187.2295600984,-29029.175671993988,4856.529032561626,6003.876203077858,False,231,2045-01-31
2047-05-31,259,1158021.1963006868,1188204.4527384662,-30183.256437779404,4863.142412582387,6017.223178367916,False,231,2045-01-31
2047-06-30,260,1162890.9747913426,1194235.0525632473,-31344.077771904645,4869.778490655908,6030.59982478099,False,231,2045-01-31
2047-07-31,261,1167767.4121360278,1200279.058771525,-32511.64663549722,4876.437344685108,6044.006208277758,False,231,2045-01-31
2047-08-31,262,1172650.531188868,1206336.5011664906,-33685.96997762262,4883.1190528402785,6057.442394965532,False,231,2045-01-31
2047-09-30,263,1177540.354882428,1212407.409617589,-34867.05473516113,4889.823693560002,6070.908451098586,False,231,2045-01-31
2047-10-31,264,1182436.90622798,1218491.8140606675,-36054.90783268749,4896.551345552074,6084.40444307848,False,231,2045-01-31
2047-11-30,265,1187340.2083157746,1224589.744498122,-37249.53618234745,4903.3020877944255,6097.930437454389,False,231,2045-01-31
2047-12-31,266,1192250.2843153107,1230701.2309990455,-38450.94668373489,4910.075999536051,6111.486500923431,False,231,2045-01-31
2048-01-31,267,1197167.1574756086,1236826.3036993765,-39659.14622376789,4916.873160297941,6125.072700330996,False,231,2045-01-31
2048-02-29,268,1202090.8511254827,1242964.9928020476,-40874.141676564934,4923.693649874008,6138.689102671074,False,231,2045-01-31
2048-03-31,269,1207021.3886738147,1249117.3285771343,-42095.93990331958,4930.537548332035,6152.335775086587,False,231,2045-01-31
2048-04-30,270,1211958.7936098294,1255283.341362004,-43324.54775217455,4937.404936014604,6166.012784869721,False,231,2045-01-31
2048-05-31,271,1216903.0895033695,1261463.0615614662,-44559.97205809667,4944.295893540046,6179.720199462255,False,231,2045-01-31
2048-06-30,272,1221854.3000051728,1267656.5196479221,-45802.21964274929,4951.210501803385,6193.458086455896,False,231,2045-01-31
2048-07-31,273,1226812.4488471502,1273863.7461615147,-47051.29731436446,4958.1488419772895,6207.226513592611,False,231,2045-01-31
2048-08-31,274,1231777.5598426631,1280084.7717102796,-48307.21186761651,4965.110995513021,6221.025548764962,False,231,2045-01-31
2048-09-30,275,1236749.6568868046,1286319.626970296,-49569.97008349141,4972.097044141398,6234.855260016439,False,231,2045-01-31
2048-10-31,276,1241728.7639566783,1292568.3426858378,-50839.57872915943,4979.107069873746,6248.715715541799,False,231,2045-01-31
2048-11-30,277,1246714.9051116812,1298830.9496695253,-52116.044557844056,4986.141155002866,6262.606983687398,False,231,2045-01-31
2048-12-31,278,1251708.1044937852,1305107.4788024768,-53399.37430869159,4993.199382104001,6276.529132951529,False,231,2045-01-31
2049-01-31,279,1256708.386327821,1311397.9610344616,-54689.57470664056,5000.281834035804,6290.482231984765,False,231,2045-01-31
2049-02-28,280,1261715.7749217623,1317702.427384052,-55986.65246228967,5007.3885939413085,6304.46634959029,False,231,2045-01-31
2049-03-31,281,1266730.2946670111,1324020.9089387762,-57290.61427176511,5014.519745248909,6318.481554724241,False,231,2045-01-31
2049-04-30,282,1271751.9700386846,1330353.4368552724,-58601.46681658784,5021.675371673336,6332.52791649605,False,231,2045-01-31
2049-05-31,283,1276780.825595901,1336700.0423594413,-59919.21676354017,5028.8555572166415,6346.605504168785,False,231,2045-01-31
2049-06-30,284,1281816.8859820704,1343060.7567466008,-61243.8707645305,5036.060386169184,6360.714387159487,False,231,2045-01-31
2049-07-31,285,1286860.175925181,1349435.6113816404,-62575.43545645941,5043.289943110621,6374.854635039517,False,231,2045-01-31
2049-08-31,286,1291910.720238092,1355824.6376991754,-63913.9174610835,5050.544312910894,6389.026317534896,False,231,2045-01-31
2049-09-30,287,1296968.543818823,1362227.867203702,-65259.323384878924,5057.823580731237,6403.229504526652,False,231,2045-01-31
2049-10-31,288,1302033.6716508481,1368645.331469753,-66611.65981890494,5065.127832025163,6417.464266051161,False,231,2045-01-31
2049-11-30,289,1307106.1288033875,1375077.0621420536,-67970.9333386661,5072.457152539477,6431.730672300494,False,231,2045-01-31
2049-12-31,290,1312185.9404317029,1381523.0909356764,-69337.15050397348,5079.811628315278,6446.028793622765,False,231,2045-01-31
2050-01-31,291,1317273.1317773918,1387983.4496361988,-70710.31785880704,5087.191345688971,6460.3587005224745,False,231,2045-01-31
2050-02-28,292,1322367.728168685,1394458.1700998596,-72090.4419311746,5094.596391293278,6474.7204636608585,False,231,2045-01-31
2050-03-31,293,1327469.7550207432,1400947.2842537158,-73477.52923297253,5102.0268520582595,6489.114153856238,False,231,2045-01-31
2050-04-30,294,1332579.2378359556,1407450.8240958,-74871.58625984448,5109.48281521233,6503.539842084367,False,231,2045-01-31
2050-05-31,295,1337696.2022042389,1413968.8216952789,-76272.61949104001,5116.964368283286,6517.997599478783,False,231,2045-01-31
2050-06-30,296,1342820.673803338,1420501.30919261,-77680.63538927189,5124.471599099328,6532.487497331157,False,231,2045-01-31
2050-07-31,297,1347952.6783991281,1427048.3187997015,-79095.64040057338,5132.004595790099,6547.009607091647,False,231,2045-01-31
2050-08-31,298,1353092.2418459158,1433609.8828000708,-80517.64095415501,5139.563446787715,6561.564000369248,False,231,2045-01-31
2050-09-30,299,1358239.3900867435,1440186.0335490028,-81946.64346225932,5147.1482408278025,6576.150748932146,False,231,2045-01-31
2050-10-31,300,1363394.149153694,1446776.803473711,-83382.65432001697,5154.759066950542,6590.769924708072,False,231,2045-01-31
2050-11-30,301,1368556.5451681959,1453382.2250734956,-84825.6799052998,5162.39601450171,6605.421599784657,False,231,2045-01-31
2050-12-31,302,1373726.6043413295,1460002.3309199053,-86275.72657857579,5170.059173133733,6620.105846409786,False,231,2045-01-31
2051-01-31,303,1378904.3529741364,1466637.1536568974,-87732.80068276101,5177.748632806737,6634.822736991957,False,231,2045-01-31
2051-02-28,304,1384089.817457926,1473286.726000998,-89196.90854307194,5185.464483789603,6649.572344100636,False,231,2045-01-31
2051-03-31,305,1389283.024274587,1479951.0807414646,-90668.0564668777,5193.206816661027,6664.354740466614,False,231,2045-01-31
2051-04-30,306,1394483.9999968975,1486630.250740447,-92146.25074354955,5200.975722310585,6679.169998982369,False,231,2045-01-31
2051-05-31,307,1399692.7712888373,1493324.2689331495,-93631.49764431221,5208.7712919398,6694.018192702421,False,231,2045-01-31
2051-06-30,308,1404909.3649059006,1500033.1683279932,-95123.8034220927,5216.5936170632085,6708.899394843697,False,231,2045-01-31
2051-07-31,309,1410133.80769541,1506756.9820067792,-96623.17431136919,5224.442789509439,6723.8136787858875,False,231,2045-01-31
2051-08-31,310,1415366.1265968322,1513495.743124851,-98129.61652801884,5232.318901422289,6738.761118071811,False,231,2045-01-31
2051-09-30,311,1420606.348642094,1520249.4849112588,-99643.13626916474,5240.222045261808,6753.741786407777,False,231,2045-01-31
2051-10-31,312,1425854.5009558995,1527018.2406689227,-101163.73971302318,5248.152313805379,6768.755757663947,False,231,2045-01-31
2051-11-30,313,1431110.6107560482,1533802.0437747973,-102691.43301874911,5256.109800148812,6783.803105874702,False,231,2045-01-31
2051-12-31,314,1436374.7053537557,1540600.9276800363,-104226.22232628055,5264.0945977074325,6798.883905239004,False,231,2045-01-31
2052-01-31,315,1441646.812153973,1547414.9259101572,-105768.11375618423,5272.106800217182,6813.998230120766,False,231,2045-01-31
2052-02-29,316,1446926.9586557087,1554244.0720652065,-107317.11340949778,5280.1465017357195,6829.146155049214,False,231,2045-01-31
2052-03-31,317,1452215.1724523522,1561088.3998199257,-108873.22736757342,5288.213796643518,6844.327754719258,False,231,2045-01-31
2052-04-30,318,1457511.4812319973,1567947.9429239174,-110436.46169192018,5296.308779644983,6859.54310399186,False,231,2045-01-31
2052-05-31,319,1462815.9127777668,1574822.735201812,-112006.82242404507,5304.431545769553,6874.792277894402,False,231,2045-01-31
2052-06-30,320,1468128.4949681396,1581712.810553433,-113584.31558529334,5312.582190372826,6890.075351621055,False,231,2045-01-31
2052-07-31,321,1473449.2557772773,1588618.202953966,-115168.94717668882,5320.7608091376715,6905.392400533153,False,231,2045-01-31
2052-08-31,322,1478778.2232753527,1595538.9464541257,-116760.72317877295,5328.967498075356,6920.743500159561,False,231,2045-01-31
2052-09-30,323,1484115.4256288793,1602475.0751803226,-118359.64955144329,5337.202353526673,6936.128726197051,False,231,2045-01-31
2052-10-31,324,1489460.8911010425,1609426.6233348332,-119965.73223379068,5345.465472163067,6951.548154510671,False,231,2045-01-31
2052-11-30,325,1494814.6480520302,1616393.6251959673,-121578.97714393702,5353.756950987774,6967.001861134125,False,231,2045-01-31
2052-12-31,326,1500176.7249393673,1623376.1151182374,-123199.39017887018,5362.076887336961,6982.4899222701415,False,231,2045-01-31
2053-01-31,327,1505547.1503182482,1630374.1275325282,-124826.97721428005,5370.425378880863,6998.0124142908535,False,231,2045-01-31
2053-02-28,328,1510925.952841873,1637387.6969462663,-126461.74410439329,5378.802523624937,7013.569413738173,False,231,2045-01-31
2053-03-31,329,1516313.1612617841,1644416.8579435905,-128103.69668180635,5387.208419911003,7029.16099732417,False,231,2045-01-31
2053-04-30,330,1521708.8044282026,1651461.645185522,-129752.84075731947,5395.64316641841,7044.787241931451,False,231,2045-01-31
2053-05-31,331,1527112.9112903678,1658522.0934101355,-131409.18211976765,5404.106862165185,7060.448224613534,False,231,2045-01-31
2053-06-30,332,1532525.510896877,1665598.2374327306,-133072.7265358537,5412.5996065091995,7076.144022595235,False,231,2045-01-31
2053-07-31,333,1537946.6323960263,1672690.1121460036,-134743.47974997736,5421.121499149335,7091.874713273042,False,231,2045-01-31
2053-08-31,334,1543376.305036153,1679797.7525202192,-136421.44748406624,5429.672640126653,7107.640374215504,False,231,2045-01-31
2053-09-30,335,1548814.5581659784,1686921.193603383,-138106.6354374045,5438.253129825574,7123.441083163607,False,231,2045-01-31
2053-10-31,336,1554261.4212349535,1694060.4705214142,-139799.04928646074,5446.863068975045,7139.276918031159,False,231,2045-01-31
2053-11-30,337,1559716.9237936032,1701215.6184783194,-141498.69468471617,5455.502558649737,7155.147956905177,False,231,2045-01-31
2053-12-31,338,1565181.0954938745,1708386.6727563657,-143205.57726249122,5464.171700271215,7171.05427804627,False,231,2045-01-31
2054-01-31,339,1570653.9660894836,1715573.6687162546,-144919.70262677106,5472.8705956091435,7186.995959889024,False,231,2045-01-31
2054-02-28,340,1576135.5654362661,1722776.641797297,-146641.0763610308,5481.599346782474,7202.973081042389,False,231,2045-01-31
2054-03-31,341,1581625.9234925269,1729995.627517587,-148369.70402506017,5490.358056260641,7218.98572029007,False,231,2045-01-31
2054-04-30,342,1587125.0703193916,1737230.6614741778,-150105.5911547863,5499.146826864773,7235.033956590912,False,231,2045-01-31
2054-05-31,343,1592633.0360811604,1744481.7793432572,-151848.74326209677,5507.965761768894,7251.117869079288,False,231,2045-01-31
2054-06-30,344,1598149.8510456616,1751749.0168803227,-153599.1658346611,5516.814964501132,7267.237537065494,False,231,2045-01-31
2054-07-31,345,1603675.5455846065,1759032.4099203588,-155356.86433575233,5525.694538944942,7283.393040036136,False,231,2045-01-31
2054-08-31,346,1609210.1501739467,1766331.9943780133,-157121.84420406655,5534.6045893403225,7299.584457654525,False,231,2045-01-31
2054-09-30,347,1614753.6953942317,1773647.8062477743,-158894.11085354257,5543.545220285034,7315.811869761067,False,231,2045-01-31
2054-10-31,348,1620306.2119309676,1780979.8816041478,-160673.6696731802,5552.516536735836,7332.075356373659,False,231,2045-01-31
2054-11-30,349,1625867.7305749774,1788328.2566018358,-162460.52602685848,5561.518644009711,7348.374997688081,False,231,2045-01-31
2054-12-31,350,1631438.2822227625,1795692.9674759142,-164254.6852531517,5570.551647785107,7364.710874078394,False,231,2045-01-31
2055-01-31,351,1637017.8978768657,1803074.0505420114,-166056.1526651457,5579.615654103171,7381.083066097336,False,231,2045-01-31
2055-02-28,352,1642606.6086462347,1810471.542196488,-167864.93355025328,5588.710769369004,7397.4916544767175,False,231,2045-01-31
2055-03-31,353,1648204.4457465876,1817885.4789166157,-169681.03317002812,5597.837100352899,7413.93672012782,False,231,2045-01-31
2055-04-30,354,1653811.4405007793,1825315.8972607574,-171504.4567599781,5606.994754191604,7430.418344141798,False,231,2045-01-31
2055-05-31,355,1659427.624339169,1832762.8338685476,-173335.20952937868,5616.183838389572,7446.936607790075,False,231,2045-01-31
2055-06-30,356,1665053.028799989,1840226.3254610724,-175173.29666108335,5625.404460820229,7463.491592524745,False,231,2045-01-31
2055-07-31,357,1670687.6855297163,1847706.4088410514,-177018.72331133508,5634.656729727236,7480.083379978976,False,231,2045-01-31
2055-08-31,358,1676331.6262834421,1855203.1208930188,-178871.49460957665,5643.940753725761,7496.712051967411,False,231,2045-01-31
2055-09-30,359,1681984.882925246,1862716.4985835054,-180731.61565825948,5653.256641803759,7513.377690486572,False,231,2045-01-31
2055-10-31,360,1687647.4874285692,1870246.5789612206,-182599.09153265134,5662.60450332324,7530.080377715263,False,231,2045-01-31
