Date,Month,Cumulative_Buying,Cumulative_Renting,Cost_Difference,Buying_Monthly,Renting_Monthly,Is_BreakEven,BreakEven_Month,BreakEven_Date,City
2025-11-30,1,51997.02493121481,1314.387556505798,50682.63737470901,1535.5177568050274,1314.387556505798,False,,,Buffalo
2025-12-31,2,53533.98673048562,2634.28750546583,50899.6992250198,1536.9617992708131,1319.899948960032,False,,,Buffalo
2026-01-31,3,55072.39257222222,3958.132784614793,51114.25978760743,1538.405841736599,1323.8452791489638,False,,,Buffalo
2026-02-28,4,56612.2424564246,5286.004914716847,51326.23754170776,1539.8498842023848,1327.8721301020528,False,,,Buffalo
2026-03-31,5,58153.53638309277,6617.617118416653,51535.91926467612,1541.2939266681706,1331.6122036998067,False,,,Buffalo
2026-04-30,6,59696.274352226734,7953.532019153712,51742.74233307302,1542.7379691339563,1335.914900737059,False,,,Buffalo
2026-05-31,7,61240.45636382647,9293.904691374224,51946.551672452246,1544.1820115997425,1340.3726722205115,False,,,Buffalo
2026-06-30,8,62786.082417892,10638.190535297335,52147.89188259466,1545.626054065528,1344.2858439231134,False,,,Buffalo
2026-07-31,9,64333.15251442332,11986.775635494205,52346.37687892911,1547.0700965313138,1348.5851001968651,False,,,Buffalo
2026-08-31,10,65881.66665342041,13339.5450551031,52542.12159831731,1548.5141389970995,1352.7694196088976,False,,,Buffalo
2026-09-30,11,67431.6248348833,14696.1413243049,52735.4835105784,1549.9581814628852,1356.5962692017974,False,,,Buffalo
2026-10-31,12,68983.02705881197,16057.713705921864,52925.31335289011,1551.402223928671,1361.5723816169643,False,,,Buffalo
2026-11-30,13,70535.87332520643,17423.642673468996,53112.23065173743,1552.846266394457,1365.9289675471332,False,,,Buffalo
2026-12-31,14,72090.16363406667,18794.34811347453,53295.81552059214,1554.2903088602427,1370.705440005535,False,,,Buffalo
2027-01-31,15,73645.8979853927,20169.53265177618,53476.36533361652,1555.734351326029,1375.1845383016494,False,,,Buffalo
2027-02-28,16,75203.07637918451,21549.314442662377,53653.76193652213,1557.1783937918144,1379.781790886197,False,,,Buffalo
2027-03-31,17,76761.69881544211,22933.80333649648,53827.89547894563,1558.6224362576002,1384.4888938340982,False,,,Buffalo
2027-04-30,18,78321.7652941655,24322.61777920304,53999.14751496246,1560.066478723386,1388.8144427065613,False,,,Buffalo
2027-05-31,19,79883.27581535467,25716.037792676565,54167.23802267811,1561.5105211891716,1393.420013473528,False,,,Buffalo
2027-06-30,20,81446.23037900962,27113.64158025508,54332.58879875454,1562.9545636549574,1397.6037875785155,False,,,Buffalo
2027-07-31,21,83010.62898513037,28515.911668334364,54494.71731679601,1564.3986061207434,1402.2700880792836,False,,,Buffalo
2027-08-31,22,84576.4716337169,29922.477510348897,54653.994123368,1565.842648586529,1406.565842014534,False,,,Buffalo
2027-09-30,23,86143.75832476921,31333.63665335596,54810.12167141325,1567.2866910523148,1411.159143007059,False,,,Buffalo
2027-10-31,24,87712.48905828732,32749.480564734265,54963.008493553054,1568.7307335181006,1415.8439113783106,False,,,Buffalo
2027-11-30,25,89282.6638342712,34169.80926234277,55112.85457192842,1570.1747759838863,1420.3286976085074,False,,,Buffalo
2027-12-31,26,90854.28265272088,35594.62274618148,55259.65990653939,1571.618818449672,1424.813483838704,False,,,Buffalo
2028-01-31,27,92427.34551363632,37023.92101625038,55403.42449738595,1573.0628609154578,1429.2982700689008,False,,,Buffalo
2028-02-29,28,94001.85241701758,38457.70407254948,55544.1483444681,1574.5069033812438,1433.7830562990976,False,,,Buffalo
2028-03-31,29,95577.8033628646,39895.97191507877,55681.83144778584,1575.9509458470295,1438.2678425292945,False,,,Buffalo
2028-04-30,30,97155.19835117742,41338.72454383826,55816.47380733916,1577.3949883128157,1442.752628759491,False,,,Buffalo
2028-05-31,31,98734.03738195603,42785.961958827946,55948.07542312809,1578.8390307786012,1447.2374149896875,False,,,Buffalo
2028-06-30,32,100314.32045520042,44237.68416004783,56076.63629515259,1580.283073244387,1451.7222012198845,False,,,Buffalo
2028-07-31,33,101896.04757091058,45693.89114749791,56202.15642341267,1581.7271157101727,1456.2069874500812,False,,,Buffalo
2028-08-31,34,103479.21872908654,47154.58292117819,56324.63580790835,1583.1711581759585,1460.691773680278,False,,,Buffalo
2028-09-30,35,105063.83392972828,48619.759481088666,56444.074448639614,1584.6152006417442,1465.176559910475,False,,,Buffalo
2028-10-31,36,106649.8931728358,50089.42082722934,56560.47234560648,1586.0592431075302,1469.6613461406714,False,,,Buffalo
2028-11-30,37,108237.39645840912,51563.56695960021,56673.82949880892,1587.503285573316,1474.146132370868,False,,,Buffalo
2028-12-31,38,109826.34378644824,53042.19787820128,56784.14590824697,1588.9473280391016,1478.6309186010649,False,,,Buffalo
2029-01-31,39,111416.73515695312,54525.31358303253,56891.4215739206,1590.3913705048874,1483.1157048312616,False,,,Buffalo
2029-02-28,40,113008.5705699238,56012.91407409399,56995.6564958298,1591.8354129706731,1487.6004910614583,False,,,Buffalo
2029-03-31,41,114601.85002536024,57504.999351385646,57096.85067397461,1593.279455436459,1492.085277291655,False,,,Buffalo
2029-04-30,42,116196.5735232625,59001.5694149075,57195.004108355,1594.7234979022448,1496.5700635218518,False,,,Buffalo
2029-05-31,43,117792.74106363051,60502.62426465955,57290.11679897098,1596.1675403680306,1501.0548497520483,False,,,Buffalo
2029-06-30,44,119390.35264646437,62008.1639006418,57382.18874582256,1597.6115828338166,1505.5396359822453,False,,,Buffalo
2029-07-31,45,120989.40827176395,63518.18832285424,57471.21994890971,1599.0556252996023,1510.024422212442,False,,,Buffalo
2029-08-31,46,122589.90793952934,65032.69753129688,57557.21040823246,1600.499667765388,1514.5092084426387,False,,,Buffalo
2029-09-30,47,124191.85164976052,66551.69152596971,57640.1601237908,1601.9437102311738,1518.9939946728357,False,,,Buffalo
2029-10-31,48,125795.23940245748,68075.17030687275,57720.06909558472,1603.3877526969595,1523.4787809030322,False,,,Buffalo
2029-11-30,49,127400.0711976202,69603.13387400599,57796.93732361423,1604.8317951627453,1527.963567133229,False,,,Buffalo
2029-12-31,50,129006.34703524876,71135.5822273694,57870.76480787934,1606.275837628531,1532.4483533634257,False,,,Buffalo
2030-01-31,51,130614.06691534306,72672.51536696302,57941.55154838004,1607.719880094317,1536.9331395936224,False,,,Buffalo
2030-02-28,52,132223.23083790316,74213.93329278684,58009.29754511632,1609.1639225601027,1541.4179258238191,False,,,Buffalo
2030-03-31,53,133833.83880292904,75759.83600484085,58074.002798088186,1610.6079650258885,1545.902712054016,False,,,Buffalo
2030-04-30,54,135445.89081042074,77310.22350312506,58135.66730729568,1612.0520074916744,1550.3874982842126,False,,,Buffalo
2030-05-31,55,137059.3868603782,78865.09578763947,58194.291072738735,1613.4960499574602,1554.872284514409,False,,,Buffalo
2030-06-30,56,138674.32695280144,80424.45285838407,58249.87409441736,1614.940092423246,1559.357070744606,False,,,Buffalo
2030-07-31,57,140290.71108769046,81988.29471535888,58302.41637233159,1616.3841348890317,1563.8418569748028,False,,,Buffalo
2030-08-31,58,141908.53926504528,83556.62135856388,58351.91790648141,1617.8281773548174,1568.3266432049995,False,,,Buffalo
2030-09-30,59,143527.8114848659,85129.43278799907,58398.37869686683,1619.2722198206034,1572.8114294351965,False,,,Buffalo
2030-10-31,60,145148.52774715226,86706.72900366447,58441.79874348779,1620.716262286389,1577.296215665393,False,,,Buffalo
2030-11-30,61,146770.68805190444,88288.51000556006,58482.17804634437,1622.1603047521749,1581.7810018955895,False,,,Buffalo
2030-12-31,62,148394.2923991224,89874.77579368585,58519.51660543656,1623.6043472179606,1586.2657881257865,False,,,Buffalo
2031-01-31,63,150019.34078880615,91465.52636804184,58553.81442076431,1625.0483896837463,1590.7505743559832,False,,,Buffalo
2031-02-28,64,151645.83322095568,93060.76172862804,58585.07149232765,1626.492432149532,1595.23536058618,False,,,Buffalo
2031-03-31,65,153273.76969557098,94660.4818754444,58613.28782012657,1627.9364746153178,1599.7201468163769,False,,,Buffalo
2031-04-30,66,154903.1502126521,96264.68680849098,58638.46340416113,1629.3805170811038,1604.2049330465734,False,,,Buffalo
2031-05-31,67,156533.974772199,97873.37652776774,58660.59824443125,1630.8245595468898,1608.68971927677,False,,,Buffalo
2031-06-30,68,158166.24337421166,99486.5510332747,58679.69234093695,1632.2686020126755,1613.1745055069669,False,,,Buffalo
2031-07-31,69,159799.95601869014,101104.21032501188,58695.74569367827,1633.7126444784612,1617.6592917371636,False,,,Buffalo
2031-08-31,70,161435.11270563438,102726.35440297922,58708.75830265516,1635.156686944247,1622.1440779673603,False,,,Buffalo
2031-09-30,71,163071.7134350444,104352.98326717678,58718.730167867616,1636.6007294100327,1626.628864197557,False,,,Buffalo
2031-10-31,72,164709.75820692023,105984.09691760452,58725.6612893157,1638.0447718758185,1631.1136504277538,False,,,Buffalo
2031-11-30,73,166349.24702126184,107619.69535426248,58729.55166699935,1639.4888143416042,1635.5984366579503,False,,,Buffalo
2031-12-31,74,167990.1798780692,109259.77857715065,58730.40130091857,1640.9328568073902,1640.0832228881472,False,,,Buffalo
2032-01-31,75,169632.5567773424,110904.34658626898,58728.21019107342,1642.376899273176,1644.568009118344,False,,,Buffalo
2032-02-29,76,171276.37771908136,112553.39938161752,58722.97833746384,1643.8209417389617,1649.0527953485407,False,,,Buffalo
2032-03-31,77,172921.6427032861,114206.93696319626,58714.70574008985,1645.2649842047474,1653.5375815787374,False,,,Buffalo
2032-04-30,78,174568.35172995663,115864.9593310052,58703.39239895143,1646.7090266705331,1658.0223678089342,False,,,Buffalo
2032-05-31,79,176216.50479909297,117527.46648504434,58689.03831404861,1648.153069136319,1662.507154039131,False,,,Buffalo
2032-06-30,80,177866.10191069508,119194.45842531369,58671.64348538141,1649.5971116021049,1666.9919402693276,False,,,Buffalo
2032-07-31,81,179517.14306476296,120865.9351518132,58651.20791294976,1651.0411540678906,1671.4767264995244,False,,,Buffalo
2032-08-31,82,181169.62826129663,122541.89666454292,58627.731596753714,1652.4851965336766,1675.961512729721,False,,,Buffalo
2032-09-30,83,182823.5575002961,124222.34296350284,58601.21453679327,1653.9292389994623,1680.4462989599178,False,,,Buffalo
2032-10-31,84,184478.93078176136,125907.27404869294,58571.65673306842,1655.373281465248,1684.9310851901146,False,,,Buffalo
2032-11-30,85,186135.7481056924,127596.68992011323,58539.05818557914,1656.8173239310338,1689.4158714203113,False,,,Buffalo
2032-12-31,86,187794.0094720892,129290.59057776377,58503.418894325456,1658.2613663968195,1693.900657650508,False,,,Buffalo
2033-01-31,87,189453.71488095183,130988.97602164446,58464.73885930737,1659.7054088626053,1698.3854438807048,False,,,Buffalo
2033-02-28,88,191114.8643322802,132691.84625175537,58423.01808052484,1661.149451328391,1702.8702301109015,False,,,Buffalo
2033-03-31,89,192777.4578260744,134399.20126809645,58378.25655797793,1662.593493794177,1707.3550163410982,False,,,Buffalo
2033-04-30,90,194441.4953623344,136111.04107066774,58330.45429166663,1664.0375362599627,1711.839802571295,False,,,Buffalo
2033-05-31,91,196106.9769410601,137827.3656594692,58279.611281590885,1665.4815787257485,1716.3245888014917,False,,,Buffalo
2033-06-30,92,197773.90256225163,139548.1750345009,58225.72752775074,1666.9256211915342,1720.8093750316884,False,,,Buffalo
2033-07-31,93,199442.27222590896,141273.46919576277,58168.8030301462,1668.3696636573202,1725.2941612618852,False,,,Buffalo
2033-08-31,94,201112.0859320321,143003.24814325484,58108.83778877722,1669.813706123106,1729.778947492082,False,,,Buffalo
2033-09-30,95,202783.34368062092,144737.5118769771,58045.83180364384,1671.2577485888917,1734.2637337222786,False,,,Buffalo
2033-10-31,96,204456.04547167564,146476.26039692957,57979.78507474606,1672.7017910546776,1738.7485199524754,False,,,Buffalo
2033-11-30,97,206130.1913051961,148219.49370311224,57910.69760208385,1674.1458335204634,1743.233306182672,False,,,Buffalo
2033-12-31,98,207805.78118118236,149967.2117955251,57838.56938565723,1675.5898759862491,1747.7180924128688,False,,,Buffalo
2034-01-31,99,209482.8150996344,151719.41467416816,57763.40042546621,1677.0339184520349,1752.2028786430656,False,,,Buffalo
2034-02-28,100,211161.29306055215,153476.10233904142,57685.19072151077,1678.4779609178206,1756.6876648732623,False,,,Buffalo
2034-03-31,101,212841.2150639358,155237.27479014487,57603.94027379091,1679.9220033836064,1761.172451103459,False,,,Buffalo
2034-04-30,102,214522.5811097852,157002.93202747853,57519.649082306656,1681.366045849392,1765.6572373336558,False,,,Buffalo
2034-05-31,103,216205.39119810035,158773.07405104238,57432.31714705797,1682.8100883151778,1770.1420235638525,False,,,Buffalo
2034-06-30,104,217889.6453288813,160547.70086083643,57341.94446804488,1684.2541307809638,1774.6268097940492,False,,,Buffalo
2034-07-31,105,219575.3435021281,162326.81245686067,57248.53104526739,1685.6981732467495,1779.111596024246,False,,,Buffalo
2034-08-31,106,221262.4857178406,164110.40883911512,57152.07687872549,1687.1422157125355,1783.5963822544427,False,,,Buffalo
2034-09-30,107,222951.07197601887,165898.49000759976,57052.58196841917,1688.5862581783213,1788.0811684846394,False,,,Buffalo
2034-10-31,108,224641.10227666303,167691.0559623146,56950.04631434844,1690.030300644107,1792.5659547148362,False,,,Buffalo
2034-11-30,109,226332.5766197729,169488.10670325963,56844.469916513306,1691.4743431098927,1797.0507409450329,False,,,Buffalo
2034-12-31,110,228025.4950053486,171289.64223043487,56735.85277491374,1692.9183855756787,1801.5355271752296,False,,,Buffalo
2035-01-31,111,229719.85743339008,173095.6625438403,56624.19488954978,1694.3624280414642,1806.0203134054264,False,,,Buffalo
2035-02-28,112,231415.6639038973,174906.16764347593,56509.49626042141,1695.8064705072502,1810.505099635623,False,,,Buffalo
2035-03-31,113,233112.9144168704,176721.15752934176,56391.75688752861,1697.250512973036,1814.98988586582,False,,,Buffalo
2035-04-30,114,234811.6089723092,178540.63220143778,56270.976770871406,1698.6945554388217,1819.4746720960163,False,,,Buffalo
2035-05-31,115,236511.7475702138,180364.591659764,56147.1559104498,1700.1385979046074,1823.9594583262133,False,,,Buffalo
2035-06-30,116,238213.3302105842,182193.0359043204,56020.29430626376,1701.5826403703932,1828.44424455641,False,,,Buffalo
2035-07-31,117,239916.3568934204,184025.96493510704,55890.391958313325,1703.026682836179,1832.9290307866067,False,,,Buffalo
2035-08-31,118,241620.82761872237,185863.37875212383,55757.44886659848,1704.4707253019646,1837.4138170168037,False,,,Buffalo
2035-09-30,119,243326.74238649008,187705.27735537087,55621.46503111921,1705.9147677677508,1841.898603247,False,,,Buffalo
2035-10-31,120,245034.1011967236,189551.66074484808,55482.44045187553,1707.3588102335366,1846.383389477197,False,,,Buffalo
2025-11-30,1,68969.63611664347,3385.469047971271,65584.16706867219,3725.704646909469,3385.469047971271,False,,,NYC
2025-12-31,2,72698.74282915654,6782.662690866526,65916.08013829002,3729.106712513068,3397.1936428952545,False,,,NYC
2026-01-31,3,76431.25160727321,10190.377607005905,66240.8740002673,3732.508778116667,3407.7149161393795,False,,,NYC
2026-02-28,4,80167.16245099346,13607.569934426334,66559.59251656712,3735.910843720266,3417.192327420428,False,,,NYC
2026-03-31,5,83906.47536031733,17033.371555525282,66873.10380479204,3739.312909323866,3425.8016210989485,False,,,NYC
2026-04-30,6,87649.1903352448,20467.09504068592,67182.09529455888,3742.714974927464,3433.723485160635,False,,,NYC
2026-05-31,7,91395.30737577584,23908.229284323454,67487.0780914524,3746.117040531064,3441.13424363754,False,,,NYC
2026-06-30,8,95144.82648191052,27356.427890051968,67788.39859185855,3749.519106134663,3448.1986057285158,False,,,NYC
2026-07-31,9,98897.74765364878,30811.492285567587,68086.2553680812,3752.921171738262,3455.064395515618,False,,,NYC
2026-08-31,10,102654.07089099064,34273.35139569376,68380.71949529689,3756.323237341861,3461.859110126171,False,,,NYC
2026-09-30,11,106413.79619393613,37742.03949600643,68671.75669792968,3759.725302945461,3468.6881003126714,False,,,NYC
2026-10-31,12,110176.92356248516,41217.67362978256,68959.2499327026,3763.12736854906,3475.6341337761355,False,,,NYC
2026-11-30,13,113943.45299663785,44700.43171544144,69243.02128119639,3766.5294341526583,3482.7580856588743,False,,,NYC
2026-12-31,14,117713.3844963941,48190.53221511549,69522.85228127861,3769.9314997562574,3490.100499674054,False,,,NYC
2027-01-31,15,121486.71806175396,51688.21598950249,69798.50207225146,3773.3335653598574,3497.6837743869974,False,,,NYC
2027-02-28,16,125263.4536927174,55193.73073881694,70069.72295390046,3776.735630963457,3505.514749314452,False,,,NYC
2027-03-31,17,129043.59138928448,58707.31823083676,70336.2731584477,3780.137696567056,3513.5874920198203,False,,,NYC
2027-04-30,18,132827.1311514551,62229.20434860221,70597.92680285289,3783.539762170655,3521.886117765449,False,,,NYC
2027-05-31,19,136614.0729792294,65759.5918539685,70854.48112526089,3786.9418277742543,3530.387505366283,False,,,NYC
2027-06-30,20,140404.41687260722,69298.6556588244,71105.76121378283,3790.343893377854,3539.063804855908,False,,,NYC
2027-07-31,21,144198.16283158868,72846.54032180156,71351.62250978712,3793.745958981453,3547.88466297716,False,,,NYC
2027-08-31,22,147995.31085617375,76403.35944205859,71591.95141411516,3797.148024585052,3556.8191202570274,False,,,NYC
2027-09-30,23,151795.86094636237,79969.19659982919,71826.66434653319,3800.550090188652,3565.837157770597,False,,,NYC
2027-10-31,24,155599.81310215464,83544.10749202763,72055.70561012701,3803.952155792251,3574.910892198449,False,,,NYC
2027-11-30,25,159407.1673235505,87128.1229262863,72279.0443972642,3807.35422139585,3584.015434258676,False,,,NYC
2027-12-31,26,163217.92361054994,90721.25236437812,72496.67124617181,3810.756286999449,3593.129438091828,False,,,NYC
2028-01-31,27,167032.08196315297,94323.48774229053,72708.59422086246,3814.158352603049,3602.23537791238,False,,,NYC
2028-02-29,28,170849.64238135965,97934.80733585206,72914.83504550759,3817.5604182066472,3611.319593561544,False,,,NYC
2028-03-31,29,174670.60486516988,101555.17948479102,73115.42538037886,3820.962483810247,3620.3721489389504,False,,,NYC
2028-04-30,30,178494.96941458373,105184.5660319319,73310.40338265183,3824.3645494138464,3629.386547140885,False,,,NYC
2028-05-31,31,182322.7360296012,108822.92537592612,73499.81065367506,3827.7666150174455,3638.359343994239,False,,,NYC
2028-06-30,32,186153.9047102222,112470.21507396922,73683.689636253,3831.1686806210446,3647.289698043083,False,,,NYC
2028-07-31,33,189988.47545644687,116126.39396435316,73862.08149209371,3834.570746224644,3656.1788903839433,False,,,NYC
2028-08-31,34,193826.44826827515,119791.42380682932,74035.0244614458,3837.9728118282433,3665.0298424761577,False,,,NYC
2028-09-30,35,197667.82314570696,123465.27046136852,74202.55268433844,3841.3748774318415,3673.8466545392057,False,,,NYC
2028-10-31,36,201512.6000887424,127147.904643061,74364.69544568141,3844.7769430354415,3682.6341816924864,False,,,NYC
2028-11-30,37,205360.77909738143,130839.3023028953,74521.47679448615,3848.179008639041,3691.3976598343056,False,,,NYC
2028-12-31,38,209212.3601716241,134539.44469146943,74672.91548015468,3851.58107424264,3700.142388574138,False,,,NYC
2029-01-31,39,213067.34331147035,138248.3181659157,74819.02514555465,3854.9831398462393,3708.873474446277,False,,,NYC
2029-02-28,40,216925.72851692015,141965.9138001287,74959.81471679147,3858.385205449839,3717.5956342130057,False,,,NYC
2029-03-31,41,220787.5157879736,145692.22685546483,75095.28893250879,3861.7872710534375,3726.3130553361216,False,,,NYC
2029-04-30,42,224652.70512463065,149427.25616410992,75225.44896052073,3865.189336657037,3735.029308645077,False,,,NYC
2029-05-31,43,228521.2965268913,153171.00347092713,75350.29305596417,3868.5914022606366,3743.747306817212,False,,,NYC
2029-06-30,44,232393.28999475556,156923.47277237565,75469.81722237988,3871.9934678642353,3752.469301448517,False,,,NYC
2029-07-31,45,236268.68552822337,160684.66968353145,75584.01584469192,3875.395533467835,3761.196911155805,False,,,NYC
2029-08-31,46,240147.4831272948,164454.60085676055,75692.88227053426,3878.797599071434,3769.931173229084,False,,,NYC
2029-09-30,47,244029.68279196983,168233.27346852035,75796.40932344948,3882.199664675033,3778.672611759808,False,,,NYC
2029-10-31,48,247915.2845222485,172020.6947843427,75894.58973790577,3885.601730278632,3787.421315822355,False,,,NYC
2029-11-30,49,251804.28831813068,175816.87180644623,75987.41651168445,3889.003795882232,3796.177022103545,False,,,NYC
2029-12-31,50,255696.6941796165,179621.81100373392,76074.8831758826,3892.405861485831,3804.939197287697,False,,,NYC
2030-01-31,51,259592.50210670597,183435.5181201855,76156.98398652044,3895.80792708943,3813.707116451578,False,,,NYC
2030-02-28,52,263491.7120993989,187257.9980548396,76233.71404455934,3899.2099926930296,3822.47993465412,False,,,NYC
2030-03-31,53,267394.32415769564,191089.2548046201,76305.0693530755,3902.6120582966287,3831.256749780526,False,,,NYC
2030-04-30,54,271300.33828159585,194929.2914601101,76371.04682148571,3906.014123900228,3840.0366554899983,False,,,NYC
2030-05-31,55,275209.7544710997,198778.1102439117,76431.64422718796,3909.4161895038274,3848.818783801601,False,,,NYC
2030-06-30,56,279122.5727262071,202635.7125813345,76486.86014487257,3912.8182551074265,3857.6023374227766,False,,,NYC
2030-07-31,57,283038.7930469181,206502.09919371115,76536.69385320696,3916.2203207110256,3866.3866123766375,False,,,NYC
2030-08-31,58,286958.4154332328,210377.27020553124,76581.14522770149,3919.622386314625,3875.171011820082,False,,,NYC
2030-09-30,59,290881.439885151,214261.2252577039,76620.2146274471,3923.024451918224,3883.955052172651,False,,,NYC
2030-10-31,60,294807.8664026728,218153.9636205108,76653.90278216198,3926.426517521824,3892.738362806908,False,,,NYC
2030-11-30,61,298737.6949857982,222055.48430110907,76682.21068468914,3929.8285831254234,3901.520680598271,False,,,NYC
2030-12-31,62,302670.92563452723,225965.7861417193,76705.13949280794,3933.230648729022,3910.3018406102337,False,,,NYC
2031-01-31,63,306607.5583488599,229884.86790583376,76722.69044302613,3936.6327143326216,3919.081764114479,False,,,NYC
2031-02-28,64,310547.5931287961,233812.7283508628,76734.86477793331,3940.03477993622,3927.860445029012,False,,,NYC
2031-03-31,65,314491.0299743359,237749.3662865771,76741.66368775882,3943.43684553982,3936.6379357143383,False,,,NYC
2031-04-30,66,318437.8688854793,241694.78061948696,76743.08826599232,3946.838911143419,3945.414332909863,False,,,NYC
2031-05-31,67,322388.1098622263,245648.97038391724,76739.13947830905,3950.240976747018,3954.189764430269,False,,,NYC
2031-06-30,68,326341.75290457695,249611.9347610004,76729.81814357659,3953.643042350617,3962.964377083103,False,,,NYC
2031-07-31,69,330298.7980125312,253583.6730871209,76715.12492541029,3957.0451079542167,3971.738326120537,False,,,NYC
2031-08-31,70,334259.245186089,257564.18485352615,76695.06033256283,3960.447173557816,3980.5117664052746,False,,,NYC
2031-09-30,71,338223.0944252504,261553.46969888188,76669.62472636855,3963.849239161415,3989.2848453556935,False,,,NYC
2031-10-31,72,342190.3457300154,265551.5273965223,76638.81833349314,3967.251304765015,3998.057697640428,False,,,NYC
2031-11-30,73,346160.999100384,269558.3578380402,76602.6412623438,3970.6533703686137,4006.830441517936,False,,,NYC
2031-12-31,74,350135.05453635624,273573.96101470187,76561.09352165437,3974.0554359722128,4015.603176661668,False,,,NYC
2032-01-31,75,354112.51203793206,277598.3369979767,76514.17503995536,3977.457501575812,4024.3759832748246,False,,,NYC
2032-02-29,76,358093.37160511146,281631.485920255,76461.88568485645,3980.859567179411,4033.148922278339,False,,,NYC
2032-03-31,77,362077.6332378945,285673.4079566045,76404.22528128995,3984.2616327830106,4041.9220363494687,False,,,NYC
2032-04-30,78,366065.2969362811,289724.10330819804,76341.19362808304,3987.66369838661,4050.695351593566,False,,,NYC
2032-05-31,79,370056.3627002713,293783.57218784385,76272.79051242745,3991.065763990209,4059.468879645786,False,,,NYC
2032-06-30,80,374050.8305298651,297851.8148078641,76199.01572200103,3994.467829593808,4068.242620020216,False,,,NYC
2032-07-31,81,378048.7004250625,301928.831370413,76119.86905464949,3997.869895197408,4077.016562548911,False,,,NYC
2032-08-31,82,382049.9723858635,306014.6220601936,76035.35032566992,4001.271960801007,4085.790689780562,False,,,NYC
2032-09-30,83,386054.6464122681,310109.18703943,75945.45937283814,4004.6740264046057,4094.564979236377,False,,,NYC
2032-10-31,84,390062.7225042763,314212.52644487773,75850.19605939859,4008.076092008205,4103.339405447747,False,,,NYC
2032-11-30,85,394074.2006618881,318324.6403866031,75749.56027528504,4011.478157611805,4112.1139417253535,False,,,NYC
2032-12-31,86,398089.0808851035,322445.52894823486,75643.55193686864,4014.880223215404,4120.888561631773,False,,,NYC
2033-01-31,87,402107.3631739225,326575.1921883837,75532.1709855388,4018.282288819003,4129.663240148884,False,,,NYC
2033-02-28,88,406129.04752834514,330713.6301429309,75415.41738541424,4021.684354422602,4138.437954547153,False,,,NYC
2033-03-31,89,410154.13394837134,334860.84282790706,75293.29112046427,4025.086420026201,4147.212684976193,False,,,NYC
2033-04-30,90,414182.6224340011,339016.83024271205,75165.79219128907,4028.488485629801,4155.987414804982,False,,,NYC
2033-05-31,91,418214.5129852345,343181.592373458,75032.92061177647,4031.8905512334,4164.762130745974,False,,,NYC
2033-06-30,92,422249.8056020715,347355.1291962585,74894.67640581302,4035.292616837,4173.53682280047,False,,,NYC
2033-07-31,93,426288.5002845121,351537.4406803219,74751.05960419023,4038.694682440599,4182.3114840634125,False,,,NYC
2033-08-31,94,430330.5970325563,355728.5267907465,74602.07024180982,4042.0967480441977,4191.086110424612,False,,,NYC
2033-09-30,95,434376.0958462041,359928.3874909473,74447.70835525676,4045.498813647797,4199.860700200822,False,,,NYC
2033-10-31,96,438424.9967254555,364137.0227446768,74287.97398077877,4048.900879251396,4208.635253729387,False,,,NYC
2033-11-30,97,442477.2996703105,368354.4325176266,74122.8671526839,4052.302944854996,4217.409772949849,False,,,NYC
2033-12-31,98,446533.0046807691,372580.6167786218,73952.38790214731,4055.705010458595,4226.184260995179,False,,,NYC
2034-01-31,99,450592.1117568313,376815.57550043135,73776.53625639994,4059.1070760621938,4234.95872180954,False,,,NYC
2034-02-28,100,454654.62089849706,381059.30866023625,73595.31223826081,4062.509141665793,4243.733159804899,False,,,NYC
2034-03-31,101,458720.53210576647,385311.8162398008,73408.7158659657,4065.911207269392,4252.507579564553,False,,,NYC
2034-04-30,102,462789.84537863947,389573.0982253986,73216.74715324084,4069.313272872992,4261.281985597885,False,,,NYC
2034-05-31,103,466862.56071711605,393843.1546075461,73019.40610957,4072.715338476591,4270.056382147404,False,,,NYC
2034-06-30,104,470938.6781211962,398121.98538059264,72816.69274060358,4076.11740408019,4278.83077304656,False,,,NYC
2034-07-31,105,475018.19759088,402409.59054221737,72608.60704866267,4079.519469683789,4287.605161624744,False,,,NYC
2034-08-31,106,479101.1191261674,406705.9700928718,72395.14903329563,4082.921535287389,4296.379550654442,False,,,NYC
2034-09-30,107,483187.4427270584,411011.1240352064,72176.31869185204,4086.323600890988,4305.153942334578,False,,,NYC
2034-10-31,108,487277.168393553,415325.05237351,71952.11602004303,4089.725666494587,4313.928338303591,False,,,NYC
2034-11-30,109,491370.2961256512,419647.7551131857,71722.54101246549,4093.127732098186,4322.702739675723,False,,,NYC
2034-12-31,110,495466.82592335297,423979.2322602799,71487.59366307309,4096.529797701785,4331.4771470942105,False,,,NYC
2035-01-31,111,499566.7577866584,428319.48382107547,71247.27396558289,4099.9318633053845,4340.251560795568,False,,,NYC
2035-02-28,112,503670.09171556734,432668.50980175525,71001.58191381209,4103.333928908984,4349.025980679785,False,,,NYC
2035-03-31,113,507776.8277100799,437026.31020813726,70750.51750194264,4106.735994512584,4357.800406382025,False,,,NYC
2035-04-30,114,511886.9657701961,441392.8850454795,70494.0807247166,4110.138060116182,4366.574837342235,False,,,NYC
2035-05-31,115,516000.5058959159,445768.2343183494,70232.27157756651,4113.540125719782,4375.349272869852,False,,,NYC
2035-06-30,116,520117.4480872393,450152.3580305511,69965.09005668823,4116.942191323381,4384.123712201637,False,,,NYC
2035-07-31,117,524237.7923441663,454545.2561851024,69692.53615906386,4120.344256926981,4392.898154551315,False,,,NYC
2035-08-31,118,528361.5386666968,458946.9287842528,69414.60988244397,4123.746322530579,4401.672599150378,False,,,NYC
2035-09-30,119,532488.6870548311,463357.3758295328,69131.31122529833,4127.148388134179,4410.447045279941,False,,,NYC
2035-10-31,120,536619.2375085688,467776.5973218267,68842.64018674212,4130.550453737778,4419.221492293959,False,,,NYC
2025-11-30,1,43525.16637109522,1281.7556841762982,42243.41068691892,1542.8228834357333,1281.7556841762982,False,,,Utica
2025-12-31,2,45070.57662674015,2566.784701818102,42503.79192492204,1545.4102556449318,1285.0290176418036,False,,,Utica
2026-01-31,3,46618.615487662464,3862.0052108988266,42756.61027676364,1548.038860922317,1295.220509080725,False,,,Utica
2026-02-28,4,48169.32240063329,5169.998715215758,42999.323685417534,1550.706912970821,1307.9935043169314,False,,,Utica
2026-03-31,5,49722.72993815896,6486.585061850964,43236.14487630799,1553.40753752567,1316.5863466352057,False,,,Utica
2026-04-30,6,51278.86412406674,7806.430170144463,43472.43395392228,1556.1341859077845,1319.8451082934992,False,,,Utica
2026-05-31,7,52837.74557941412,9134.0219088893,43703.72367052482,1558.8814553473792,1327.5917387448385,False,,,Utica
2026-06-30,8,54399.390609629794,10466.248742809912,43933.14186681988,1561.6450302156754,1332.226833920612,False,,,Utica
2026-07-31,9,55963.81210066089,11806.621559862704,44157.19054079819,1564.4214910310989,1340.3728170527916,False,,,Utica
2026-08-31,10,57531.02023464886,13150.357436944225,44380.66279770464,1567.2081339879676,1343.7358770815194,False,,,Utica
2026-09-30,11,59101.02305696391,14498.483930546352,44602.53912641756,1570.0028223150512,1348.126493602129,False,,,Utica
2026-10-31,12,60673.8269245566,15852.070448485762,44821.756476070834,1572.8038675926855,1353.5865179394095,False,,,Utica
2026-11-30,13,62249.43686028109,17212.402808404982,45037.03405187611,1575.6099357244966,1360.332359919221,False,,,Utica
2026-12-31,14,63827.85683287177,18579.53636849467,45248.320464377095,1578.419972590671,1367.1335600896891,False,,,Utica
2027-01-31,15,65409.0899781652,19953.526486945484,45455.56349121971,1581.2331452934254,1373.9901184508135,False,,,Utica
2027-02-28,16,66993.13877389602,21334.42852194808,45658.71025194794,1584.0487957308278,1380.9020350025942,False,,,Utica
2027-03-31,17,68580.00517780942,22722.297831693108,45857.70734611631,1586.8664039133998,1387.869309745031,False,,,Utica
2027-04-30,18,70169.69073678862,24117.189774371232,46052.50096241738,1589.6855589791874,1394.891942678124,False,,,Utica
2027-05-31,19,71762.19667308034,25519.159708173105,46243.03696490724,1592.5059362917295,1401.9699338018734,False,,,Utica
2027-06-30,20,73357.5239524247,26928.262991289383,46429.26096113532,1595.3272793443575,1409.103283116279,False,,,Utica
2027-07-31,21,74955.67333788684,28344.554981910725,46611.11835597611,1598.1493854621433,1416.291990621341,False,,,Utica
2027-08-31,22,76556.64543239135,29768.091038227783,46788.55439416357,1600.972094504509,1423.536056317059,False,,,Utica
2027-09-30,23,78160.4407123301,31198.926518431217,46961.51419389889,1603.7952799387597,1430.8354802034337,False,,,Utica
2027-10-31,24,79767.05955411708,32637.11678071168,47129.9427734054,1606.6188417869696,1438.190262280464,False,,,Utica
2027-11-30,25,81376.50225517014,34082.71718325983,47293.78507191031,1609.442701053068,1445.6004025481511,False,,,Utica
2027-12-31,26,82988.76905048963,35535.783084266324,47452.98596622331,1612.2667953194857,1453.0659010064942,False,,,Utica
2028-01-31,27,84603.86012575754,36996.36984192182,47607.49028383572,1615.091075267908,1460.5867576554936,False,,,Utica
2028-02-29,28,86221.77562768775,38464.53281441697,47757.24281327078,1617.9155019302036,1468.1629724951492,False,,,Utica
2028-03-31,29,87842.51567220403,39940.32735994243,47902.1883122616,1620.7400445162832,1475.7945455254612,False,,,Utica
2028-04-30,30,89466.08035090184,41423.808836688855,48042.27151421299,1623.5646786978157,1483.4814767464295,False,,,Utica
2028-05-31,31,91092.46973615396,42915.032602846906,48177.43713330707,1626.389385252132,1491.223766158054,False,,,Utica
2028-06-30,32,92721.68388514472,44414.05401660724,48307.62986853747,1629.2141489907265,1499.0214137603346,False,,,Utica
2028-07-31,33,94353.72284305732,45920.92843616051,48432.79440689682,1632.038957912628,1506.8744195532715,False,,,Utica
2028-08-31,34,95988.58664559278,47435.711219697376,48552.8754258954,1634.863802535447,1514.7827835368648,False,,,Utica
2028-09-30,35,97626.2753209596,48958.45772540849,48667.81759555111,1637.688675366814,1522.7465057111144,False,,,Utica
2028-10-31,36,99266.78889144634,50489.22331148451,48777.56557996183,1640.5135704867464,1530.76558607602,False,,,Utica
2028-11-30,37,100910.127374664,52028.06333611609,48882.06403854792,1643.3384832176569,1538.840024631582,False,,,Utica
2028-12-31,38,102556.29078452762,53575.03315749389,48981.25762703373,1646.163409863619,1546.9698213778004,False,,,Utica
2029-01-31,39,104205.27913203198,55130.188133808566,49075.090998223415,1648.988347504353,1555.154976314675,False,,,Utica
2029-02-28,40,105857.09242586442,56693.58362325077,49163.50880261365,1651.8132938324418,1563.395489442206,False,,,Utica
2029-03-31,41,107511.73067288913,58265.274984011165,49246.45568887796,1654.638247024715,1571.6913607603929,False,,,Utica
2029-04-30,42,109169.19387852975,59845.3175742804,49323.87630424935,1657.463205640621,1580.042590269236,False,,,Utica
2029-05-31,43,110829.48204707168,61433.76675224914,49395.71529482254,1660.2881685419302,1588.4491779687355,False,,,Utica
2029-06-30,44,112492.59518190096,63030.67787610803,49461.91730579294,1663.1131348292863,1596.9111238588916,False,,,Utica
2029-07-31,45,114158.53328569305,64636.10630404773,49522.42698164532,1665.938103792078,1605.428427939704,False,,,Utica
2029-08-31,46,115827.29636056189,66250.1073942589,49577.18896630297,1668.7630748688248,1614.001090211172,False,,,Utica
2029-09-30,47,117498.88440817776,67872.7365049322,49626.14790324555,1671.5880476158814,1622.6291106732967,False,,,Utica
2029-10-31,48,119173.29742986044,69504.04899425828,49669.248435602174,1674.413021682709,1631.3124893260776,False,,,Utica
2029-11-30,49,120850.5354266528,71144.10022042779,49706.435206225,1677.237996792334,1640.0512261695148,False,,,Utica
2029-12-31,50,122530.5983993787,72792.9455416314,49737.65285774729,1680.0629727259093,1648.8453212036084,False,,,Utica
2030-01-31,51,124213.4863486892,74450.64031605975,49762.84603262946,1682.887949310517,1657.694774428358,False,,,Utica
2030-02-28,52,125899.19927509874,76117.23990190352,49781.95937319522,1685.7129264095283,1666.599585843764,False,,,Utica
2030-03-31,53,127587.73717901373,77792.79965735335,49794.93752166038,1688.537903914988,1675.559755449826,False,,,Utica
2030-04-30,54,129279.10006075531,79477.3749405999,49801.72512015543,1691.3628817415968,1684.5752832465446,False,,,Utica
2030-05-31,55,130973.28792057728,81171.02110983382,49802.26681074347,1694.1878598219566,1693.6461692339194,False,,,Utica
2030-06-30,56,132670.3007586801,82873.79352324577,49796.50723543433,1697.0128381028144,1702.7724134119503,False,,,Utica
2030-07-31,57,134370.1385752222,84585.7475390264,49784.3910361958,1699.8378165420922,1711.9540157806375,False,,,Utica
2030-08-31,58,136072.80137032876,86306.93851536638,49765.86285496238,1702.6627951065436,1721.190976339981,False,,,Utica
2030-09-30,59,137778.28914409864,88037.42181045636,49740.86733364228,1705.487773769899,1730.4832950899809,False,,,Utica
2030-10-31,60,139486.60189661005,89777.252782487,49709.34911412305,1708.3127525114014,1739.830972030637,False,,,Utica
2030-11-30,61,141197.7396279247,91526.48678964896,49671.25283827573,1711.137731314651,1749.2340071619492,False,,,Utica
2030-12-31,62,142911.7023380914,93285.17919013288,49626.523147958505,1713.9627101666897,1758.6924004839177,False,,,Utica
2031-01-31,63,144628.49002714863,95053.38534212942,49575.10468501924,1716.7876890572777,1768.2061519965423,False,,,Utica
2031-02-28,64,146348.10269512696,96831.16060382924,49516.94209129772,1719.6126679783245,1777.7752616998237,False,,,Utica
2031-03-31,65,148070.54034205043,98618.560333423,49451.98000862743,1722.4376469234387,1787.399729593761,False,,,Utica
2031-04-30,66,149795.80296793798,100415.63988910137,49380.16307883663,1725.262625887569,1797.0795556783546,False,,,Utica
2031-05-31,67,151523.89057280472,102222.45462905496,49301.43594374976,1728.0876048667246,1806.8147399536044,False,,,Utica
2031-06-30,68,153254.80315666244,104039.05991147448,49215.74324518797,1730.912583857752,1816.6052824195103,False,,,Utica
2031-07-31,69,154988.54071952062,105865.51109455054,49123.02962497008,1733.7375628581603,1826.451183076073,False,,,Utica
2031-08-31,70,156725.1032613866,107701.86353647384,49023.23972491277,1736.5625418659804,1836.352441923292,False,,,Utica
2031-09-30,71,158464.49078226625,109548.172595435,48916.31818683125,1739.3875208796571,1846.3090589611663,False,,,Utica
2031-10-31,72,160206.7032821642,111404.49362962467,48802.20965253952,1742.2124998979607,1856.3210341896977,False,,,Utica
2031-11-30,73,161951.74076108413,113270.88199723358,48680.85876385056,1745.0374789199209,1866.388367608885,False,,,Utica
2031-12-31,74,163699.6032190289,115147.3930564523,48552.21016257661,1747.86245794477,1876.5110592187289,False,,,Utica
2032-01-31,75,165450.29065600078,117034.08216547153,48416.20849052926,1750.6874369719014,1886.689109019229,False,,,Utica
2032-02-29,76,167203.80307200164,118931.00468248191,48272.798389519725,1753.5124160008363,1896.922517010385,False,,,Utica
2032-03-31,77,168960.14046703285,120838.21596567411,48121.924501358735,1756.337395031197,1907.2112831921972,False,,,Utica
2032-04-30,78,170719.30284109552,122755.77137323878,47963.53146785674,1759.1623740626833,1917.5554075646664,False,,,Utica
2032-05-31,79,172481.29019419057,124683.72626336657,47797.563930824006,1761.987353095059,1927.9548901277915,False,,,Utica
2032-06-30,80,174246.1025263187,126622.13599424814,47623.96653207055,1764.8123321281378,1938.4097308815728,False,,,Utica
2032-07-31,81,176013.73983748048,128571.05592407414,47442.683913406334,1767.6373111617722,1948.91992982601,False,,,Utica
2032-08-31,82,177784.20212767634,130530.54141103524,47253.6607166411,1770.4622901958455,1959.485486961104,False,,,Utica
2032-09-30,83,179557.48939690657,132500.6478133221,47056.841583584464,1773.2872692302656,1970.1064022868536,False,,,Utica
2032-10-31,84,181333.60164517155,134481.43048912537,46852.17115604616,1776.1122482649594,1980.78267580326,False,,,Utica
2032-11-30,85,183112.53887247143,136472.94479663568,46639.59407583575,1778.93722729987,1991.5143075103229,False,,,Utica
2032-12-31,86,184894.30107880637,138475.24609404372,46419.054984762624,1781.7622063349515,2002.3012974080416,False,,,Utica
2033-01-31,87,186678.8882641765,140488.38973954014,46190.49852463635,1784.5871853701683,2013.1436454964169,False,,,Utica
2033-02-28,88,188466.300428582,142512.43109131558,45953.86933726643,1787.4121644054917,2024.041351775448,False,,,Utica
2033-03-31,89,190256.53757202288,144547.42550756072,45709.11206446216,1790.2371434408997,2034.994416245136,False,,,Utica
2033-04-30,90,192049.59969449928,146593.4283464662,45456.171348033065,1793.0621224763745,2046.0028389054796,False,,,Utica
2033-05-31,91,193845.4867960112,148650.4949662227,45194.99182978846,1795.8871015119016,2057.06661975648,False,,,Utica
2033-06-30,92,195644.19887655863,150718.68072502082,44925.518151537806,1798.7120805474706,2068.185758798136,False,,,Utica
2033-07-31,93,197445.7359361417,152798.04098105128,44647.69495509041,1801.537059583072,2079.360256030448,False,,,Utica
2033-08-31,94,199250.0979747604,154888.6310925047,44361.466882255714,1804.3620386187,2090.5901114534167,False,,,Utica
2033-09-30,95,201057.2849924148,156990.50641757174,44066.77857484302,1807.187017654348,2101.8753250670416,False,,,Utica
2033-10-31,96,202867.2969891048,159103.72231444306,43763.57467466171,1810.011996690013,2113.215896871323,False,,,Utica
2033-11-30,97,204680.1339648305,161228.33414130931,43451.79982352117,1812.8369757256903,2124.6118268662603,False,,,Utica
2033-12-31,98,206495.79591959185,163364.39725636118,43131.39866323068,1815.6619547613775,2136.063115051854,False,,,Utica
2034-01-31,99,208314.28285338893,165511.96701778928,42802.31583559964,1818.486933797073,2147.569761428104,False,,,Utica
2034-02-28,100,210135.5947662217,167671.09878378428,42464.495982437424,1821.3119128327749,2159.13176599501,False,,,Utica
2034-03-31,101,211959.7316580902,169841.84791253685,42117.88374555335,1824.1368918684816,2170.7491287525727,False,,,Utica
2034-04-30,102,213786.6935289944,172024.26976223764,41762.42376675675,1826.961870904192,2182.4218497007914,False,,,Utica
2034-05-31,103,215616.4803789343,174218.41969107732,41398.06068785698,1829.7868499399065,2194.1499288396662,False,,,Utica
2034-06-30,104,217449.0922079099,176424.3530572465,41024.7391506634,1832.6118289756228,2205.9333661691976,False,,,Utica
2034-07-31,105,219284.52901592123,178642.1252189359,40642.40379698534,1835.4368080113409,2217.772161689385,False,,,Utica
2034-08-31,106,221122.79080296832,180871.7915343361,40250.99926863221,1838.2617870470608,2229.666315400229,False,,,Utica
2034-09-30,107,222963.8775690511,183113.40736163783,39850.47020741328,1841.0867660827817,2241.615827301729,False,,,Utica
2034-10-31,108,224807.7893141696,185367.02805903173,39440.76125513789,1843.911745118504,2253.620697393885,False,,,Utica
2034-11-30,109,226654.52603832385,187632.7089847084,39021.81705361541,1846.7367241542263,2265.680925676698,False,,,Utica
2034-12-31,110,228504.0877415138,189910.5054968586,38593.582244655205,1849.5617031899496,2277.7965121501666,False,,,Utica
2035-01-31,111,230356.47442373948,192200.47295367287,38156.00147006661,1852.3866822256737,2289.967456814292,False,,,Utica
2035-02-28,112,232211.68608500087,194502.66671334195,37709.01937165891,1855.2116612613977,2302.193759669073,False,,,Utica
2035-03-31,113,234069.722725298,196817.14213405648,37252.58059124151,1858.0366402971224,2314.4754207145106,False,,,Utica
2035-04-30,114,235930.58434463083,199143.95457400705,36786.62977062378,1860.8616193328469,2326.8124399506046,False,,,Utica
2035-05-31,115,237794.2709429994,201483.1593913844,36311.111551615,1863.686598368572,2339.204817377354,False,,,Utica
2035-06-30,116,239660.78252040368,203834.81194437915,35825.97057602453,1866.5115774042968,2351.652552994761,False,,,Utica
2035-07-31,117,241530.1190768437,206198.967591182,35331.15148566174,1869.3365564400224,2364.155646802824,False,,,Utica
2035-08-31,118,243402.28061231948,208575.68168998352,34826.59892233595,1872.1615354757475,2376.7140988015426,False,,,Utica
2035-09-30,119,245277.2671268309,210965.00959897443,34312.257527856505,1874.9865145114727,2389.327908990918,False,,,Utica
2035-10-31,120,247155.0786203781,213367.00667634537,33788.07194403274,1877.8114935471976,2401.997077370949,False,,,Utica
