Date,Month,Buying_Discounted_CF,Renting_Discounted_CF,Buying_Cumulative_NPV,Renting_Cumulative_NPV,Buying_Net_CF,Renting_Net_CF,City
2025-11-30,1,-51997.02493121481,-1314.387556505798,-51997.02493121481,-251314.3875565058,-51997.02493121481,-1314.387556505798,Buffalo
2025-12-31,2,-1531.946604726715,-1315.5930396888186,-53528.97153594152,-252629.98059619463,-1536.9617992708131,-1319.899948960032,Buffalo
2026-01-31,3,-1528.3824089046295,-1315.21980862911,-55057.35394484615,-253945.20040482373,-1538.405841736599,-1323.8452791489638,Buffalo
2026-02-28,4,-1524.825161965442,-1314.9157308285644,-56582.17910681159,-255260.1161356523,-1539.8498842023848,-1327.8721301020528,Buffalo
2026-03-31,5,-1521.274856509875,-1314.3165810620565,-58103.453963321466,-256574.43271671436,-1541.2939266681706,-1331.6122036998067,Buffalo
2026-04-30,6,-1517.7314851129513,-1314.2608445803564,-59621.185448434415,-257888.6935612947,-1542.7379691339563,-1335.914900737059,Buffalo
2026-05-31,7,-1514.1950403242397,-1314.3435406036335,-61135.38048875865,-259203.03710189837,-1544.1820115997425,-1340.3726722205115,Buffalo
2026-06-30,8,-1510.6655146681014,-1313.879421823629,-62646.04600342675,-260516.916523722,-1545.626054065528,-1344.2858439231134,Buffalo
2026-07-31,9,-1507.1429006439328,-1313.7804578040673,-64153.18890407069,-261830.69698152604,-1547.0700965313138,-1348.5851001968651,Buffalo
2026-08-31,10,-1503.627190726408,-1313.55654487242,-65656.81609479709,-263144.25352639845,-1548.5141389970995,-1352.7694196088976,Buffalo
2026-09-30,11,-1500.118377365721,-1312.9741295179078,-67156.93447216281,-264457.2276559164,-1549.9581814628852,-1356.5962692017974,Buffalo
2026-10-31,12,-1496.616452987825,-1313.4902070086607,-68653.55092515064,-265770.717862925,-1551.402223928671,-1361.5723816169643,Buffalo
2026-11-30,13,-1493.12140999467,-1313.3932380260896,-70146.67233514531,-267084.1111009511,-1552.846266394457,-1365.9289675471332,Buffalo
2026-12-31,14,-1489.633240764441,-1313.6853360593727,-71636.30557590975,-268397.79643701046,-1554.2903088602427,-1370.705440005535,Buffalo
2027-01-31,15,-1486.1519376517963,-1313.6774697324213,-73122.45751356155,-269711.47390674293,-1555.734351326029,-1375.1845383016494,Buffalo
2027-02-28,16,-1482.6774929880962,-1313.7681685912733,-74605.13500654964,-271025.2420753342,-1557.1783937918144,-1379.781790886197,Buffalo
2027-03-31,17,-1479.2098990816426,-1313.9485415373028,-76084.34490563128,-272339.19061687146,-1558.6224362576002,-1384.4888938340982,Buffalo
2027-04-30,18,-1475.7491482179082,-1313.7528168248907,-77560.09405384919,-273652.94343369635,-1560.066478723386,-1388.8144427065613,Buffalo
2027-05-31,19,-1472.295232659768,-1313.8084022433875,-79032.38928650896,-274966.75183593977,-1561.5105211891716,-1393.420013473528,Buffalo
2027-06-30,20,-1468.848144647728,-1313.4532366294288,-80501.23743115668,-276280.2050725692,-1562.9545636549574,-1397.6037875785155,Buffalo
2027-07-31,21,-1465.4078764001558,-1313.5383935218883,-81966.64530755684,-277593.74346609105,-1564.3986061207434,-1402.2700880792836,Buffalo
2027-08-31,22,-1461.9744201135045,-1313.263042801217,-83428.61972767035,-278907.0065088923,-1565.842648586529,-1406.565842014534,Buffalo
2027-09-30,23,-1458.5477679625408,-1313.2524062275563,-84887.1674956329,-280220.25891511986,-1567.2866910523148,-1411.159143007059,Buffalo
2027-10-31,24,-1455.12791210057,-1313.3126996268247,-86342.29540773346,-281533.5716147467,-1568.7307335181006,-1415.8439113783106,Buffalo
2027-11-30,25,-1451.714844659658,-1313.1737219013564,-87794.01025239311,-282846.745336648,-1570.1747759838863,-1420.3286976085074,Buffalo
2027-12-31,26,-1448.308557750854,-1313.0216676064092,-89242.31881014397,-284159.76700425445,-1571.618818449672,-1424.813483838704,Buffalo
2028-01-31,27,-1444.9090434644104,-1312.8566235609474,-90687.2278536084,-285472.6236278154,-1573.0628609154578,-1429.2982700689008,Buffalo
2028-02-29,28,-1441.5162938700053,-1312.678676156578,-92128.7441474784,-286785.302303972,-1574.5069033812438,-1433.7830562990976,Buffalo
2028-03-31,29,-1438.130301016958,-1312.4879113594163,-93566.87444849536,-288097.79021533136,-1575.9509458470295,-1438.2678425292945,Buffalo
2028-04-30,30,-1434.7510569344474,-1312.284414711941,-95001.6255054298,-289410.0746300433,-1577.3949883128157,-1442.752628759491,Buffalo
2028-05-31,31,-1431.378553631729,-1312.0682713348451,-96433.00405906154,-290722.14290137816,-1578.8390307786012,-1447.2374149896875,Buffalo
2028-06-30,32,-1428.0127830983486,-1311.8395659288767,-97861.0168421599,-292033.98246730707,-1580.283073244387,-1451.7222012198845,Buffalo
2028-07-31,33,-1424.653737304356,-1311.598382776674,-99285.67057946423,-293345.58085008373,-1581.7271157101727,-1456.2069874500812,Buffalo
2028-08-31,34,-1421.3014082005184,-1311.3448057445914,-100706.97198766476,-294656.9256558283,-1583.1711581759585,-1460.691773680278,Buffalo
2028-09-30,35,-1417.9557877185314,-1311.0789182845197,-102124.9277753833,-295968.0045741128,-1584.6152006417442,-1465.176559910475,Buffalo
2028-10-31,36,-1414.6168677712287,-1310.8008034356972,-103539.54464315451,-297278.80537754856,-1586.0592431075302,-1469.6613461406714,Buffalo
2028-11-30,37,-1411.2846402527912,-1310.510543826514,-104950.82928340732,-298589.31592137506,-1587.503285573316,-1474.146132370868,Buffalo
2028-12-31,38,-1407.959097038956,-1310.2082216763108,-106358.78838044628,-299899.52414305136,-1588.9473280391016,-1478.6309186010649,Buffalo
2029-01-31,39,-1404.6402299872204,-1309.8939187971655,-107763.42861043348,-301209.4180618485,-1590.3913705048874,-1483.1157048312616,Buffalo
2029-02-28,40,-1401.3280309370516,-1309.5677165956793,-109164.75664137054,-302518.9857784442,-1591.8354129706731,-1487.6004910614583,Buffalo
2029-03-31,41,-1398.0224917100868,-1309.229696074748,-110562.77913308062,-303828.21547451895,-1593.279455436459,-1492.085277291655,Buffalo
2029-04-30,42,-1394.7236041103388,-1308.8799378353333,-111957.50273719095,-305137.0954123543,-1594.7234979022448,-1496.5700635218518,Buffalo
2029-05-31,43,-1391.4313599243974,-1308.5185220782212,-113348.93409711534,-306445.6139344325,-1596.1675403680306,-1501.0548497520483,Buffalo
2029-06-30,44,-1388.1457509216314,-1308.145528605776,-114737.07984803696,-307753.7594630383,-1597.6115828338166,-1505.5396359822453,Buffalo
2029-07-31,45,-1384.8667688543867,-1307.761036823687,-116121.94661689136,-309061.520499862,-1599.0556252996023,-1510.024422212442,Buffalo
2029-08-31,46,-1381.5944054581862,-1307.365125742706,-117503.54102234956,-310368.88562560466,-1600.499667765388,-1514.5092084426387,Buffalo
2029-09-30,47,-1378.3286524519274,-1306.9578739803817,-118881.86967480148,-311675.84349958505,-1601.9437102311738,-1518.9939946728357,Buffalo
2029-10-31,48,-1375.0695015380782,-1306.539359762782,-120256.93917633955,-312982.38285934785,-1603.3877526969595,-1523.4787809030322,Buffalo
2029-11-30,49,-1371.8169444028729,-1306.1096609262138,-121628.75612074244,-314288.49252027407,-1604.8317951627453,-1527.963567133229,Buffalo
2029-12-31,50,-1368.570972716507,-1305.668854918932,-122997.32709345894,-315594.161375193,-1606.275837628531,-1532.4483533634257,Buffalo
2030-01-31,51,-1365.3315781333283,-1305.2170188028451,-124362.65867159226,-316899.3783939958,-1607.719880094317,-1536.9331395936224,Buffalo
2030-02-28,52,-1362.0987522920325,-1304.7542292552096,-125724.7574238843,-318204.13262325106,-1609.1639225601027,-1541.4179258238191,Buffalo
2030-03-31,53,-1358.872486815849,-1304.280562570321,-127083.62991070014,-319508.4131858214,-1610.6079650258885,-1545.902712054016,Buffalo
2030-04-30,54,-1355.6527733127375,-1303.7960946611984,-128439.28268401288,-320812.2092804825,-1612.0520074916744,-1550.3874982842126,Buffalo
2030-05-31,55,-1352.439603375571,-1303.3009010612566,-129791.72228738846,-322115.5101815438,-1613.4960499574602,-1554.872284514409,Buffalo
2030-06-30,56,-1349.232968582327,-1302.7950569259776,-131140.9552559708,-323418.3052384698,-1614.940092423246,-1559.357070744606,Buffalo
2030-07-31,57,-1346.0328604962724,-1302.2786370345734,-132486.98811646708,-324720.5838755044,-1616.3841348890317,-1563.8418569748028,Buffalo
2030-08-31,58,-1342.8392706661507,-1301.7517157916393,-133829.82738713323,-326022.335591296,-1617.8281773548174,-1568.3266432049995,Buffalo
2030-09-30,59,-1339.6521906263658,-1301.2143672288037,-135169.4795777596,-327323.5499585248,-1619.2722198206034,-1572.8114294351965,Buffalo
2030-10-31,60,-1336.4716118971653,-1300.6666650063698,-136505.95118965677,-328624.2166235312,-1620.716262286389,-1577.296215665393,Buffalo
2030-11-30,61,-1333.297525984823,-1300.1086824149506,-137839.2487156416,-329924.3253059462,-1622.1603047521749,-1581.7810018955895,Buffalo
2030-12-31,62,-1330.129924381822,-1299.540492377097,-139169.3786400234,-331223.86579832324,-1623.6043472179606,-1586.2657881257865,Buffalo
2031-01-31,63,-1326.968798567033,-1298.9621674489204,-140496.34743859046,-332522.8279657721,-1625.0483896837463,-1590.7505743559832,Buffalo
2031-02-28,64,-1323.8141400058942,-1298.3737798217053,-141820.16157859634,-333821.20174559386,-1626.492432149532,-1595.23536058618,Buffalo
2031-03-31,65,-1320.6659401505913,-1297.775401323521,-143140.82751874693,-335118.9771469174,-1627.9364746153178,-1599.7201468163769,Buffalo
2031-04-30,66,-1317.5241904402324,-1297.1671034208202,-144458.35170918715,-336416.1442503382,-1629.3805170811038,-1604.2049330465734,Buffalo
2031-05-31,67,-1314.3888823010268,-1296.5489572200372,-145772.74059148817,-337712.69320755824,-1630.8245595468898,-1608.68971927677,Buffalo
2031-06-30,68,-1311.2600071464578,-1295.9210334691732,-147084.00059863462,-339008.6142410274,-1632.2686020126755,-1613.1745055069669,Buffalo
2031-07-31,69,-1308.1375563774593,-1295.2834025593804,-148392.13815501207,-340303.8976435868,-1633.7126444784612,-1617.6592917371636,Buffalo
2031-08-31,70,-1305.0215213825882,-1294.636134526538,-149697.15967639466,-341598.5337781133,-1635.156686944247,-1622.1440779673603,Buffalo
2031-09-30,71,-1301.9118935381966,-1293.97929905282,-150999.07156993286,-342892.51307716616,-1636.6007294100327,-1626.628864197557,Buffalo
2031-10-31,72,-1298.8086642086034,-1293.3129654682573,-152297.88023414146,-344185.82604263443,-1638.0447718758185,-1631.1136504277538,Buffalo
2031-11-30,73,-1295.7118247462638,-1292.637202752296,-153593.5920588877,-345478.4632453867,-1639.4888143416042,-1635.5984366579503,Buffalo
2031-12-31,74,-1292.621366491941,-1291.9520795353458,-154886.21342537965,-346770.41532492207,-1640.9328568073902,-1640.0832228881472,Buffalo
2032-01-31,75,-1289.5372807748709,-1291.2576641003227,-156175.75070615453,-348061.6729890224,-1642.376899273176,-1644.568009118344,Buffalo
2032-02-29,76,-1286.4595589129328,-1290.554024384188,-157462.21026506746,-349352.2270134066,-1643.8209417389617,-1649.0527953485407,Buffalo
2032-03-31,77,-1283.388192212815,-1289.8412279794768,-158745.59845728028,-350642.06824138603,-1645.2649842047474,-1653.5375815787374,Buffalo
2032-04-30,78,-1280.3231719701794,-1289.1193421358246,-160025.92162925046,-351931.1875835218,-1646.7090266705331,-1658.0223678089342,Buffalo
2032-05-31,79,-1277.2644894698262,-1288.3884337614836,-161303.18611872027,-353219.57601728337,-1648.153069136319,-1662.507154039131,Buffalo
2032-06-30,80,-1274.2121359858588,-1287.6485694248356,-162577.39825470615,-354507.2245867082,-1649.5971116021049,-1666.9919402693276,Buffalo
2032-07-31,81,-1271.1661027818443,-1286.8998153558966,-163848.56435748798,-355794.1244020641,-1651.0411540678906,-1671.4767264995244,Buffalo
2032-08-31,82,-1268.1263811109773,-1286.1422374478182,-165116.69073859896,-357080.2666395119,-1652.4851965336766,-1675.961512729721,Buffalo
2032-09-30,83,-1265.092962216239,-1285.375901258378,-166381.7837008152,-358365.64254077023,-1653.9292389994623,-1680.4462989599178,Buffalo
2032-10-31,84,-1262.0658373305564,-1284.6008720114694,-167643.84953814576,-359650.24341278174,-1655.373281465248,-1684.9310851901146,Buffalo
2032-11-30,85,-1259.0449976769655,-1283.8172145985811,-168902.89453582274,-360934.0606273803,-1656.8173239310338,-1689.4158714203113,Buffalo
2032-12-31,86,-1256.0304344687636,-1283.0249935802717,-170158.9249702915,-362217.08562096057,-1658.2613663968195,-1693.900657650508,Buffalo
2033-01-31,87,-1253.022138909669,-1282.2242731876397,-171411.94710920117,-363499.30989414826,-1659.7054088626053,-1698.3854438807048,Buffalo
2033-02-28,88,-1250.0201021939772,-1281.4151173237844,-172661.96721139515,-364780.725011472,-1661.149451328391,-1702.8702301109015,Buffalo
2033-03-31,89,-1247.024315506716,-1280.5975895652657,-173908.99152690187,-366061.3226010373,-1662.593493794177,-1707.3550163410982,Buffalo
2033-04-30,90,-1244.0347700237987,-1279.7717531635494,-175153.02629692567,-367341.0943542008,-1664.0375362599627,-1711.839802571295,Buffalo
2033-05-31,91,-1241.0514569121783,-1278.937671046458,-176394.07775383786,-368620.0320252473,-1665.4815787257485,-1716.3245888014917,Buffalo
2033-06-30,92,-1238.0743673300003,-1278.0954058196053,-177632.15212116786,-369898.1274310669,-1666.9256211915342,-1720.8093750316884,Buffalo
2033-07-31,93,-1235.103492426754,-1277.24501976783,-178867.2556135946,-371175.3724508347,-1668.3696636573202,-1725.2941612618852,Buffalo
2033-08-31,94,-1232.138823343421,-1276.3865748566232,-180099.39443693802,-372451.7590256913,-1669.813706123106,-1729.778947492082,Buffalo
2033-09-30,95,-1229.1803512126285,-1275.5201327335487,-181328.57478815064,-373727.2791584249,-1671.2577485888917,-1734.2637337222786,Buffalo
2033-10-31,96,-1226.2280671587964,-1274.645754729659,-182554.80285530945,-375001.92491315457,-1672.7017910546776,-1738.7485199524754,Buffalo
2033-11-30,97,-1223.2819622982845,-1273.7635018609028,-183778.0848176077,-376275.68841501547,-1674.1458335204634,-1743.233306182672,Buffalo
2033-12-31,98,-1220.3420277395408,-1272.8734348295295,-184998.42684534728,-377548.561849845,-1675.5898759862491,-1747.7180924128688,Buffalo
2034-01-31,99,-1217.4082545832478,-1271.975614025488,-186215.83509993053,-378820.5374638705,-1677.0339184520349,-1752.2028786430656,Buffalo
2034-02-28,100,-1214.4806339224667,-1271.0700995278146,-187430.315733853,-380091.6075633983,-1678.4779609178206,-1756.6876648732623,Buffalo
2034-03-31,101,-1211.559156842783,-1270.1569511060236,-188641.8748906958,-381361.7645145044,-1679.9220033836064,-1761.172451103459,Buffalo
2034-04-30,102,-1208.64381442245,-1269.236228221485,-189850.51870511824,-382631.0007427258,-1681.366045849392,-1765.6572373336558,Buffalo
2034-05-31,103,-1205.7345977325303,-1268.307990028799,-191056.2533028508,-383899.30873275455,-1682.8100883151778,-1770.1420235638525,Buffalo
2034-06-30,104,-1202.8314978370402,-1267.3722953771664,-192259.0848006878,-385166.6810281317,-1684.2541307809638,-1774.6268097940492,Buffalo
2034-07-31,105,-1199.934505793088,-1266.4292028117509,-193459.01930648088,-386433.11023094354,-1685.6981732467495,-1779.111596024246,Buffalo
2034-08-31,106,-1197.0436126510158,-1265.4787705750352,-194656.0629191319,-387698.58900151856,-1687.1422157125355,-1783.5963822544427,Buffalo
2034-09-30,107,-1194.1588094545386,-1264.5210566081762,-195850.2217285864,-388963.11005812674,-1688.5862581783213,-1788.0811684846394,Buffalo
2034-10-31,108,-1191.280087240884,-1263.5561185523495,-197041.5018158273,-390226.6661766791,-1690.030300644107,-1792.5659547148362,Buffalo
2034-11-30,109,-1188.4074370409264,-1262.5840137500895,-198229.90925286824,-391489.2501904292,-1691.4743431098927,-1797.0507409450329,Buffalo
2034-12-31,110,-1185.5408498793283,-1261.6047992466254,-199415.4501027476,-392750.8549896758,-1692.9183855756787,-1801.5355271752296,Buffalo
2035-01-31,111,-1182.680316774673,-1260.618531791212,-200598.13041952223,-394011.47352146695,-1694.3624280414642,-1806.0203134054264,Buffalo
2035-02-28,112,-1179.825828739602,-1259.6252678384517,-201777.95624826185,-395271.0987893054,-1695.8064705072502,-1810.505099635623,Buffalo
2035-03-31,113,-1176.9773767809477,-1258.625063549615,-202954.9336250428,-396529.72385285504,-1697.250512973036,-1814.98988586582,Buffalo
2035-04-30,114,-1174.134951899868,-1257.6179747939525,-204129.06857694263,-397787.341827649,-1698.6945554388217,-1819.4746720960163,Buffalo
2035-05-31,115,-1171.2985450919791,-1256.6040571500037,-205300.36712203463,-399043.945884799,-1700.1385979046074,-1823.9594583262133,Buffalo
2035-06-30,116,-1168.468147347488,-1255.5833659068985,-206468.8352693821,-400299.52925070585,-1701.5826403703932,-1828.44424455641,Buffalo
2035-07-31,117,-1165.6437496513208,-1254.5559560656538,-207634.47901903343,-401554.0852067715,-1703.026682836179,-1832.9290307866067,Buffalo
2035-08-31,118,-1162.8253429832575,-1253.5218823404678,-208797.3043620167,-402807.607089112,-1704.4707253019646,-1837.4138170168037,Buffalo
2035-09-30,119,-1160.0129183180586,-1252.4811991600018,-209957.3172803348,-404060.088288272,-1705.9147677677508,-1841.898603247,Buffalo
2035-10-31,120,121708.69607842572,332070.4574078226,-88248.62120190906,-71989.6308804494,-1707.3588102335366,-1846.383389477197,Buffalo
2025-11-30,1,-68969.63611664347,-3385.469047971271,-68969.63611664347,-253385.46904797127,-68969.63611664347,-3385.469047971271,NYC
2025-12-31,2,-3716.938423328633,-3386.108405102632,-72686.57453997209,-256771.5774530739,-3729.106712513068,-3397.1936428952545,NYC
2026-01-31,3,-3708.1897395267215,-3385.5120613102104,-76394.7642794988,-260157.0895143841,-3732.508778116667,-3407.7149161393795,NYC
2026-02-28,4,-3699.458574375872,-3383.849878863309,-80094.22285387467,-263540.9393932474,-3735.910843720266,-3417.192327420428,NYC
2026-03-31,5,-3690.7449066993454,-3381.30565455126,-83784.96776057401,-266922.2450477987,-3739.312909323866,-3425.8016210989485,NYC
2026-04-30,6,-3682.04871527208,-3378.0657174890307,-87467.01647584609,-270300.3107652877,-3742.714974927464,-3433.723485160635,NYC
2026-05-31,7,-3673.36997882122,-3374.309741769262,-91140.38645466731,-273674.620507057,-3746.117040531064,-3441.13424363754,NYC
2026-06-30,8,-3664.708676026665,-3370.203748635732,-94805.09513069398,-277044.8242556927,-3749.519106134663,-3448.1986057285158,NYC
2026-07-31,9,-3656.064785521595,-3365.8951760778123,-98461.15991621558,-280410.7194317705,-3752.921171738262,-3455.064395515618,NYC
2026-08-31,10,-3647.4382858930094,-3361.5098224552844,-102108.59820210858,-283772.2292542258,-3756.323237341861,-3461.859110126171,NYC
2026-09-30,11,-3638.829155682251,-3357.150423063482,-105747.42735779085,-287129.3796772893,-3759.725302945461,-3468.6881003126714,NYC
2026-10-31,12,-3630.237373385538,-3352.896591834852,-109377.66473117637,-290482.2762691241,-3763.12736854906,-3475.6341337761355,NYC
2026-11-30,13,-3621.66291745448,-3348.805851595071,-112999.32764863085,-293831.0821207192,-3766.5294341526583,-3482.7580856588743,NYC
2026-12-31,14,-3613.1057662966,-3344.91548218907,-116612.43341492744,-297175.9976029083,-3769.9314997562574,-3490.100499674054,NYC
2027-01-31,15,-3604.565898275856,-3341.2449330876434,-120216.99931320333,-300517.2425359959,-3773.3335653598574,-3497.6837743869974,NYC
2027-02-28,16,-3596.0432917131507,-3337.7985726414,-123813.04260491648,-303855.0411086373,-3776.735630963457,-3505.514749314452,NYC
2027-03-31,17,-3587.537924886844,-3334.568577085576,-127400.58052980332,-307189.6096857229,-3780.137696567056,-3513.5874920198203,NYC
2027-04-30,18,-3579.0497760332605,-3331.537796175151,-130979.63030583656,-310521.147481898,-3783.539762170655,-3521.886117765449,NYC
2027-05-31,19,-3570.578823347198,-3328.682466791204,-134550.2091291838,-313849.82994868926,-3786.9418277742543,-3530.387505366283,NYC
2027-06-30,20,-3562.1250449824283,-3325.9746792614587,-138112.3341741662,-317175.8046279507,-3790.343893377854,-3539.063804855908,NYC
2027-07-31,21,-3553.6884190521964,-3323.3845321419103,-141666.0225932184,-320499.1891600926,-3793.745958981453,-3547.88466297716,NYC
2027-08-31,22,-3545.268923629718,-3320.8819388591583,-145211.2915168481,-323820.07109895174,-3797.148024585052,-3556.8191202570274,NYC
2027-09-30,23,-3536.8665367486747,-3318.438073312645,-148748.1580535968,-327138.5091722644,-3800.550090188652,-3565.837157770597,NYC
2027-10-31,24,-3528.481236403706,-3316.0264609874766,-152276.6392900005,-330454.5356332519,-3803.952155792251,-3574.910892198449,NYC
2027-11-30,25,-3520.113000550896,-3313.6237372953733,-155796.75229055138,-333768.1593705473,-3807.35422139585,-3584.015434258676,NYC
2027-12-31,26,-3511.761807108261,-3311.2101059138326,-159308.51409765964,-337079.3694764611,-3810.756286999449,-3593.129438091828,NYC
2028-01-31,27,-3503.427633956231,-3308.769537158863,-162811.9417316159,-340388.13901362,-3814.158352603049,-3602.23537791238,NYC
2028-02-29,28,-3495.1104589381307,-3306.289750341265,-166307.052190554,-343694.42876396124,-3817.5604182066472,-3611.319593561544,NYC
2028-03-31,29,-3486.8102598606592,-3303.762025123567,-169793.86245041466,-346998.1907890848,-3820.962483810247,-3620.3721489389504,NYC
2028-04-30,30,-3478.5270144943624,-3301.1808856472603,-173272.389464909,-350299.3716747321,-3824.3645494138464,-3629.386547140885,NYC
2028-05-31,31,-3470.260700574105,-3298.543698169604,-176742.65016548312,-353597.91537290165,-3827.7666150174455,-3638.359343994239,NYC
2028-06-30,32,-3462.011295799544,-3295.850218641793,-180204.66146128267,-356893.76559154346,-3831.1686806210446,-3647.289698043083,NYC
2028-07-31,33,-3453.778777835589,-3293.1021215376377,-183658.44023911827,-360186.86771308107,-3834.570746224644,-3656.1788903839433,NYC
2028-08-31,34,-3445.563124312873,-3290.3025357093643,-187104.00336343117,-363477.1702487904,-3837.9728118282433,-3665.0298424761577,NYC
2028-09-30,35,-3437.36431282821,-3287.4556074462275,-190541.3676762593,-366764.6258562367,-3841.3748774318415,-3673.8466545392057,NYC
2028-10-31,36,-3429.1823209450545,-3284.566105517092,-193970.5499972044,-370049.19196175376,-3844.7769430354415,-3682.6341816924864,NYC
2028-11-30,37,-3421.0171261939586,-3281.639077999034,-197391.5671233984,-373330.8310397528,-3848.179008639041,-3691.3976598343056,NYC
2028-12-31,38,-3412.868706073025,-3278.679566277106,-200804.4358294714,-376609.5106060299,-3851.58107424264,-3700.142388574138,NYC
2029-01-31,39,-3404.7370380483576,-3275.6923778364467,-204209.17286751972,-379885.20298386633,-3854.9831398462393,-3708.873474446277,NYC
2029-02-28,40,-3396.6220995545136,-3272.681916398519,-207605.79496707427,-383157.8849002649,-3858.385205449839,-3717.5956342130057,NYC
2029-03-31,41,-3388.5238679949407,-3269.6520655792688,-210994.3188350692,-386427.5369658441,-3861.7872710534375,-3726.3130553361216,NYC
2029-04-30,42,-3380.442320742431,-3266.606120536725,-214374.7611558117,-389694.1430863808,-3865.189336657037,-3735.029308645077,NYC
2029-05-31,43,-3372.3774351395537,-3263.546760972779,-217747.1385909512,-392957.6898473536,-3868.5914022606366,-3743.747306817212,NYC
2029-06-30,44,-3364.3291884990963,-3260.476058285725,-221111.46777945032,-396218.1659056393,-3871.9934678642353,-3752.469301448517,NYC
2029-07-31,45,-3356.297558104502,-3257.395509553657,-224467.76533755485,-399475.561415193,-3875.395533467835,-3761.196911155805,NYC
2029-08-31,46,-3348.282521210298,-3254.306091277001,-227816.04785876512,-402729.86750647,-3878.797599071434,-3769.931173229084,NYC
2029-09-30,47,-3340.2840550425312,-3251.2083263352038,-231156.33191380763,-405981.0758328052,-3882.199664675033,-3778.672611759808,NYC
2029-10-31,48,-3332.302136799192,-3248.102358336302,-234488.63405060684,-409229.1781911415,-3885.601730278632,-3787.421315822355,NYC
2029-11-30,49,-3324.336743650644,-3244.9880283848534,-237812.97079425748,-412474.1662195263,-3889.003795882232,-3796.177022103545,NYC
2029-12-31,50,-3316.387852740042,-3241.8649501988216,-241129.3586469975,-415716.0311697252,-3892.405861485831,-3804.939197287697,NYC
2030-01-31,51,-3308.4554411837585,-3238.7325804154834,-244437.81408818127,-418954.7637501407,-3895.80792708943,-3813.707116451578,NYC
2030-02-28,52,-3300.539486071798,-3235.5902817969363,-247738.35357425307,-422190.3540319376,-3899.2099926930296,-3822.47993465412,NYC
2030-03-31,53,-3292.639964468211,-3232.437377844824,-251030.9935387213,-425422.7914097824,-3902.6120582966287,-3831.256749780526,NYC
2030-04-30,54,-3284.756853411514,-3229.2731980388485,-254315.7503921328,-428652.0646078213,-3906.014123900228,-3840.0366554899983,NYC
2030-05-31,55,-3276.8901299150943,-3226.097113510952,-257592.6405220479,-431878.1617213322,-3909.4161895038274,-3848.818783801601,NYC
2030-06-30,56,-3269.039770967619,-3222.908563450893,-260861.68029301552,-435101.0702847831,-3912.8182551074265,-3857.6023374227766,NYC
2030-07-31,57,-3261.205753533445,-3219.707072910056,-264122.88604654896,-438320.7773576932,-3916.2203207110256,-3866.3866123766375,NYC
2030-08-31,58,-3253.3880545530205,-3216.4922629344346,-267376.274101102,-441537.2696206276,-3919.622386314625,-3875.171011820082,NYC
2030-09-30,59,-3245.586650943283,-3213.263854124468,-270621.86075204524,-444750.533474752,-3923.024451918224,-3883.955052172651,NYC
2030-10-31,60,-3237.801519598064,-3210.021664800921,-273859.6622716433,-447960.5551395529,-3926.426517521824,-3892.738362806908,NYC
2030-11-30,61,-3230.032637388481,-3206.7656049659136,-277089.6949090318,-451167.3207445189,-3929.8285831254234,-3901.520680598271,NYC
2030-12-31,62,-3222.2799811633354,-3203.49566720072,-280311.9748901951,-454370.81641171954,-3933.230648729022,-3910.3018406102337,NYC
2031-01-31,63,-3214.5435277495017,-3200.211915551042,-283526.5184179446,-457571.0283272706,-3936.6327143326216,-3919.081764114479,NYC
2031-02-28,64,-3206.823253952317,-3196.9144733292,-286733.3416718969,-460767.9428005999,-3940.03477993622,-3927.860445029012,NYC
2031-03-31,65,-3199.119136555972,-3193.6035106229697,-289932.4608084529,-463961.5463112228,-3943.43684553982,-3936.6379357143383,NYC
2031-04-30,66,-3191.4311523238894,-3190.279232152874,-293123.8919607768,-467151.8255433757,-3946.838911143419,-3945.414332909863,NYC
2031-05-31,67,-3183.759277999114,-3186.941865972204,-296307.6512387759,-470338.7674093479,-3950.240976747018,-3954.189764430269,NYC
2031-06-30,68,-3176.1034903046884,-3183.5916533636746,-299483.7547290806,-473522.3590627116,-3953.643042350617,-3962.964377083103,NYC
2031-07-31,69,-3168.463765944032,-3180.2288401585047,-302652.2184950246,-476702.58790287,-3957.0451079542167,-3971.738326120537,NYC
2031-08-31,70,-3160.840081601317,-3176.853669591252,-305813.05857662595,-479879.4415724613,-3960.447173557816,-3980.5117664052746,NYC
2031-09-30,71,-3153.232413941843,-3173.466376709061,-308966.29099056777,-483052.90794917033,-3963.849239161415,-3989.2848453556935,NYC
2031-10-31,72,-3145.640739612408,-3170.0671842777647,-312111.93173018016,-486222.97513344814,-3967.251304765015,-3998.057697640428,NYC
2031-11-30,73,-3138.065035241676,-3166.6563000693577,-315249.9967654218,-489389.63143351744,-3970.6533703686137,-4006.830441517936,NYC
2031-12-31,74,-3130.5052774405467,-3163.2339153746702,-318380.50204286235,-492552.86534889217,-3974.0554359722128,-4015.603176661668,NYC
2032-01-31,75,-3122.9614428025184,-3159.800204559948,-321503.46348566486,-495712.6655534521,-3977.457501575812,-4024.3759832748246,NYC
2032-02-29,76,-3115.4335079040507,-3156.35532547455,-324618.8969935689,-498869.0208789266,-3980.859567179411,-4033.148922278339,NYC
2032-03-31,77,-3107.921449304927,-3152.8994205167724,-327726.81844287383,-502021.9202994434,-3984.2616327830106,-4041.9220363494687,NYC
2032-04-30,78,-3100.425243548609,-3149.432618173634,-330827.2436864224,-505171.352917617,-3987.66369838661,-4050.695351593566,NYC
2032-05-31,79,-3092.9448671625955,-3145.9550348661023,-333920.18855358503,-508317.3079524832,-3991.065763990209,-4059.468879645786,NYC
2032-06-30,80,-3085.480296658777,-3142.4667769514367,-337005.6688502438,-511459.7747294346,-3994.467829593808,-4068.242620020216,NYC
2032-07-31,81,-3078.031508533784,-3138.9679427574247,-340083.7003587776,-514598.7426721921,-3997.869895197408,-4077.016562548911,NYC
2032-08-31,82,-3070.5984792693407,-3135.458624547356,-343154.29883804696,-517734.2012967394,-4001.271960801007,-4085.790689780562,NYC
2032-09-30,83,-3063.1811853326094,-3131.938910338535,-346217.48002337955,-520866.140207078,-4004.6740264046057,-4094.564979236377,NYC
2032-10-31,84,-3055.779603176539,-3128.408885519756,-349273.2596265561,-523994.54909259774,-4008.076092008205,-4103.339405447747,NYC
2032-11-30,85,-3048.3937092402043,-3124.8686342336478,-352321.65333579626,-527119.4177268314,-4011.478157611805,-4112.1139417253535,NYC
2032-12-31,86,-3041.0234799491504,-3121.31824050776,-355362.6768157454,-530240.7359673391,-4014.880223215404,-4120.888561631773,NYC
2033-01-31,87,-3033.668891715733,-3117.7577891332594,-358396.3457074612,-533358.4937564724,-4018.282288819003,-4129.663240148884,NYC
2033-02-28,88,-3026.32992093945,-3114.187366302055,-361422.67562840064,-536472.6811227745,-4021.684354422602,-4138.437954547153,NYC
2033-03-31,89,-3019.006544007282,-3110.6070600222383,-364441.6821724079,-539583.2881827967,-4025.086420026201,-4147.212684976193,NYC
2033-04-30,90,-3011.698737294025,-3107.0169603379723,-367453.3809097019,-542690.3051431347,-4028.488485629801,-4155.987414804982,NYC
2033-05-31,91,-3004.406477162616,-3103.4171593837104,-370457.7873868645,-545793.7223025183,-4031.8905512334,-4164.762130745974,NYC
2033-06-30,92,-2997.1297399644677,-3099.80775130424,-373454.917126829,-548893.5300538226,-4035.292616837,-4173.53682280047,NYC
2033-07-31,93,-2989.868502039792,-3096.1888320718367,-376444.7856288688,-551989.7188858944,-4038.694682440599,-4182.3114840634125,NYC
2033-08-31,94,-2982.6227397179287,-3092.560499230221,-379427.40836858674,-555082.2793851247,-4042.0967480441977,-4191.086110424612,NYC
2033-09-30,95,-2975.392429317664,-3088.9228515923214,-382402.8007979044,-558171.202236717,-4045.498813647797,-4199.860700200822,NYC
2033-10-31,96,-2968.177547147553,-3085.275988915505,-385370.97834505193,-561256.4782256326,-4048.900879251396,-4208.635253729387,NYC
2033-11-30,97,-2960.9780695062395,-3081.6200115740958,-388331.95641455817,-564338.0982372067,-4052.302944854996,-4217.409772949849,NYC
2033-12-31,98,-2953.7939726827726,-3077.9550202451296,-391285.75038724096,-567416.0532574517,-4055.705010458595,-4226.184260995179,NYC
2034-01-31,99,-2946.625232956921,-3074.281115619376,-394232.37562019785,-570490.3343730711,-4059.1070760621938,-4234.95872180954,NYC
2034-02-28,100,-2939.471826599487,-3070.598398146013,-397171.84744679736,-573560.9327712171,-4062.509141665793,-4243.733159804899,NYC
2034-03-31,101,-2932.3337298726155,-3066.9069678161063,-400104.18117667,-576627.8397390333,-4065.911207269392,-4252.507579564553,NYC
2034-04-30,102,-2925.210919030106,-3063.206923987117,-403029.3920957001,-579691.0466630203,-4069.313272872992,-4261.281985597885,NYC
2034-05-31,103,-2918.1033703177186,-3059.498365248354,-405947.4954660178,-582750.5450282687,-4072.715338476591,-4270.056382147404,NYC
2034-06-30,104,-2911.0110599734785,-3055.781389325351,-408858.5065259913,-585806.326417594,-4076.11740408019,-4278.83077304656,NYC
2034-07-31,105,-2903.93396422798,-3052.0560930197958,-411762.4404902193,-588858.3825106139,-4079.519469683789,-4287.605161624744,NYC
2034-08-31,106,-2896.8720593046883,-3048.3225721806166,-414659.312549524,-591906.7050827944,-4082.921535287389,-4296.379550654442,NYC
2034-09-30,107,-2889.825321420239,-3044.5809217013416,-417549.13787094416,-594951.2860044958,-4086.323600890988,-4305.153942334578,NYC
2034-10-31,108,-2882.7937267847365,-3040.831235538559,-420431.9315977289,-597992.1172400343,-4089.725666494587,-4313.928338303591,NYC
2034-11-30,109,-2875.777251602047,-3037.073606746434,-423307.70884933096,-601029.1908467808,-4093.127732098186,-4322.702739675723,NYC
2034-12-31,110,-2868.7758720700963,-3033.30812752249,-426176.48472140107,-604062.4989743032,-4096.529797701785,-4331.4771470942105,NYC
2035-01-31,111,-2861.7895643811603,-3029.534889260336,-429038.27428578224,-607092.0338635636,-4099.9318633053845,-4340.251560795568,NYC
2035-02-28,112,-2854.8183047221546,-3025.753982605558,-431893.0925905044,-610117.7878461691,-4103.333928908984,-4349.025980679785,NYC
2035-03-31,113,-2847.862069274924,-3021.96549751165,-434740.9546597793,-613139.7533436808,-4106.735994512584,-4357.800406382025,NYC
2035-04-30,114,-2840.920834216527,-3018.1695232934685,-437581.8754939959,-616157.9228669743,-4110.138060116182,-4366.574837342235,NYC
2035-05-31,115,-2833.994575719526,-3014.3661486763417,-440415.87006971537,-619172.2890156505,-4113.540125719782,-4375.349272869852,NYC
2035-06-30,116,-2827.083269952264,-3010.555461839543,-443242.9533396677,-622182.84447749,-4116.942191323381,-4384.123712201637,NYC
2035-07-31,117,-2820.1868930791484,-3006.7375504533597,-446063.1402327468,-625189.5820279433,-4120.344256926981,-4392.898154551315,NYC
2035-08-31,118,-2813.305421260931,-3002.912501709451,-448876.4456540077,-628192.4945296529,-4123.746322530579,-4401.672599150378,NYC
2035-09-30,119,-2806.438830654987,-2999.080402344566,-451682.88448466273,-631191.5749319975,-4127.148388134179,-4410.447045279941,NYC
2035-10-31,120,255261.47575332416,330326.6500298333,-196421.40873133857,-300864.92490216414,-4130.550453737778,-4419.221492293959,NYC
2025-11-30,1,-43525.16637109522,-1281.7556841762982,-43525.16637109522,-251281.75568417629,-43525.16637109522,-1281.7556841762982,Utica
2025-12-31,2,-1540.3674933029,-1280.835894220426,-45065.53386439812,-252562.59157839676,-1545.4102556449318,-1285.0290176418036,Utica
2026-01-31,3,-1537.952664469619,-1286.781542311914,-46603.48652886774,-253849.37312070865,-1548.038860922317,-1295.220509080725,Utica
2026-02-28,4,-1535.576255835134,-1295.231066048303,-48139.06278470287,-255144.60418675691,-1550.706912970821,-1307.9935043169314,Utica
2026-03-31,5,-1533.2311299371604,-1299.4858870883884,-49672.29391464003,-256444.0900738453,-1553.40753752567,-1316.5863466352057,Utica
2026-04-30,6,-1530.910560487916,-1298.451529947028,-51203.204475127946,-257742.54160379237,-1556.1341859077845,-1319.8451082934992,Utica
2026-05-31,7,-1528.609030806578,-1301.8108042200972,-52731.81350593452,-259044.3524080125,-1558.8814553473792,-1327.5917387448385,Utica
2026-06-30,8,-1526.3221573512822,-1302.09317475313,-54258.13566328581,-260346.4455827656,-1561.6450302156754,-1332.226833920612,Utica
2026-07-31,9,-1524.046485746674,-1305.7801194442095,-55782.18214903248,-261652.2257022098,-1564.4214910310989,-1340.3728170527916,Utica
2026-08-31,10,-1521.7793008451945,-1304.7848586277298,-57303.96144987767,-262957.0105608375,-1567.2081339879676,-1343.7358770815194,Utica
2026-09-30,11,-1519.5184711680258,-1304.7767044640043,-58823.4799210457,-264261.7872653015,-1570.0028223150512,-1348.126493602129,Utica
2026-10-31,12,-1517.2623251765576,-1305.7863538190727,-60340.74224622225,-265567.5736191206,-1572.8038675926855,-1353.5865179394095,Utica
2026-11-30,13,-1515.0095535812468,-1308.0118845377126,-61855.7517998035,-266875.58550365834,-1575.6099357244966,-1360.332359919221,Utica
2026-12-31,14,-1512.7591323539425,-1310.262043110603,-63368.51093215744,-268185.8475467689,-1578.419972590671,-1367.1335600896891,Utica
2027-01-31,15,-1510.5102620856117,-1312.536471994487,-64879.021194243054,-269498.38401876343,-1581.2331452934254,-1373.9901184508135,Utica
2027-02-28,16,-1508.2623202252028,-1314.8348162821585,-66387.28351446826,-270813.2188350456,-1584.0487957308278,-1380.9020350025942,Utica
2027-03-31,17,-1506.0148234648148,-1317.1567236872218,-67893.29833793307,-272130.3755587328,-1586.8664039133998,-1387.869309745031,Utica
2027-04-30,18,-1503.767398115993,-1319.501844528933,-69397.06573604906,-273449.8774032617,-1589.6855589791874,-1394.891942678124,Utica
2027-05-31,19,-1501.5197567795628,-1321.869831717111,-70898.58549282863,-274771.74723497883,-1592.5059362917295,-1401.9699338018734,Utica
2027-06-30,20,-1499.271679971997,-1324.2603407371316,-72397.85717280062,-276096.00757571595,-1595.3272793443575,-1409.103283116279,Utica
2027-07-31,21,-1497.0230016553326,-1326.6730296349945,-73894.88017445596,-277422.68060535094,-1598.1493854621433,-1416.291990621341,Utica
2027-08-31,22,-1494.773597841361,-1329.1075590024657,-75389.65377229732,-278751.7881643534,-1600.972094504509,-1423.536056317059,Utica
2027-09-30,23,-1492.5233776169766,-1331.5635919623,-76882.17714991429,-280083.35175631574,-1603.7952799387597,-1430.8354802034337,Utica
2027-10-31,24,-1490.2722760763293,-1334.040794153534,-78372.44942599062,-281417.39255046926,-1606.6188417869696,-1438.190262280464,Utica
2027-11-30,25,-1488.0202487546856,-1336.5388337168556,-79860.46967474531,-282753.9313841861,-1609.442701053068,-1445.6004025481511,Utica
2027-12-31,26,-1485.767267244981,-1339.0573812800476,-81346.2369419903,-284092.98876546614,-1612.2667953194857,-1453.0659010064942,Utica
2028-01-31,27,-1483.513315745796,-1341.596109943508,-82829.75025773609,-285434.58487540967,-1615.091075267908,-1460.5867576554936,Utica
2028-02-29,28,-1481.2583883428906,-1344.1546952658407,-84311.00864607898,-286778.73957067553,-1617.9155019302036,-1468.1629724951492,Utica
2028-03-31,29,-1479.0024868684484,-1346.7328152495213,-85790.01113294742,-288125.472385925,-1620.7400445162832,-1475.7945455254612,Utica
2028-04-30,30,-1476.745619215305,-1349.3301503266366,-87266.75675216272,-289474.80253625166,-1623.5646786978157,-1483.4814767464295,Utica
2028-05-31,31,-1474.4877980095002,-1351.9463833446955,-88741.24455017222,-290826.7489195964,-1626.389385252132,-1491.223766158054,Utica
2028-06-30,32,-1472.229039565028,-1354.5811995525148,-90213.47358973726,-292181.3301191489,-1629.2141489907265,-1499.0214137603346,Utica
2028-07-31,33,-1469.9693630608335,-1357.2342865861724,-91683.4429527981,-293538.56440573506,-1632.038957912628,-1506.8744195532715,Utica
2028-08-31,34,-1467.7087898928417,-1359.9053344550384,-93151.15174269094,-294898.4697401901,-1634.863802535447,-1514.7827835368648,Utica
2028-09-30,35,-1465.4473431638337,-1362.594035527873,-94616.59908585476,-296261.063775718,-1637.688675366814,-1522.7465057111144,Utica
2028-10-31,36,-1463.1850472818812,-1365.300084518998,-96079.78413313664,-297626.36386023695,-1640.5135704867464,-1530.76558607602,Utica
2028-11-30,37,-1460.9219276442811,-1368.0231784745374,-97540.70606078093,-298994.38703871146,-1643.3384832176569,-1538.840024631582,Utica
2028-12-31,38,-1458.6580103888214,-1370.76301675873,-98999.36407116977,-300365.15005547024,-1646.163409863619,-1546.9698213778004,Utica
2029-01-31,39,-1456.393322198074,-1373.5193010403111,-100455.75739336782,-301738.6693565105,-1648.988347504353,-1555.154976314675,Utica
2029-02-28,40,-1454.1278901454532,-1376.291735278964,-101909.88528351329,-303114.9610917895,-1651.8132938324418,-1563.395489442206,Utica
2029-03-31,41,-1451.8617415741571,-1379.080025711842,-103361.74702508745,-304494.0411175013,-1654.638247024715,-1571.6913607603929,Utica
2029-04-30,42,-1449.5949040020153,-1381.8838808401572,-104811.34192908944,-305875.9249983415,-1657.463205640621,-1580.042590269236,Utica
2029-05-31,43,-1447.327405046731,-1384.7030114158415,-106258.66933413618,-307260.6280097573,-1660.2881685419302,-1588.4491779687355,Utica
2029-06-30,44,-1445.0592723671891,-1387.5371304282746,-107703.72860650335,-308648.1651401856,-1663.1131348292863,-1596.9111238588916,Utica
2029-07-31,45,-1442.7905336174128,-1390.3859530910768,-109146.51914012078,-310038.5510932767,-1665.938103792078,-1605.428427939704,Utica
2029-08-31,46,-1440.5212164104817,-1393.2491968289753,-110587.04035653127,-311431.80029010563,-1668.7630748688248,-1614.001090211172,Utica
2029-09-30,47,-1438.2513482902966,-1396.1265812647353,-112025.29170482156,-312827.9268713704,-1671.5880476158814,-1622.6291106732967,Utica
2029-10-31,48,-1435.9809567095217,-1399.017828206157,-113461.2726615311,-314226.94469957653,-1674.413021682709,-1631.3124893260776,Utica
2029-11-30,49,-1433.7100690123889,-1401.9226616331418,-114894.98273054347,-315628.8673612097,-1677.237996792334,-1640.0512261695148,Utica
2029-12-31,50,-1431.4387124213338,-1404.8408076848243,-116326.42144296484,-317033.7081688945,-1680.0629727259093,-1648.8453212036084,Utica
2030-01-31,51,-1429.166914026649,-1407.7719946467698,-117755.58835699147,-318441.4801635413,-1682.887949310517,-1657.694774428358,Utica
2030-02-28,52,-1426.8947007785086,-1410.7159529382382,-119182.48305776998,-319852.1961164795,-1685.7129264095283,-1666.599585843764,Utica
2030-03-31,53,-1424.6220994808623,-1413.6724150995135,-120607.10515725084,-321265.86853157904,-1688.537903914988,-1675.559755449826,Utica
2030-04-30,54,-1422.349136786805,-1416.6411157793016,-122029.45429403766,-322682.5096473583,-1691.3628817415968,-1684.5752832465446,Utica
2030-05-31,55,-1420.0758391950972,-1419.6217917221848,-123449.53013323277,-324102.1314390805,-1694.1878598219566,-1693.6461692339194,Utica
2030-06-30,56,-1417.8022330476026,-1422.614181756151,-124867.33236628036,-325524.7456208367,-1697.0128381028144,-1702.7724134119503,Utica
2030-07-31,57,-1415.5283445274406,-1425.6180267801817,-126282.8607108078,-326950.3636476169,-1699.8378165420922,-1711.9540157806375,Utica
2030-08-31,58,-1413.2541996577015,-1428.6330697519036,-127696.1149104655,-328378.9967173688,-1702.6627951065436,-1721.190976339981,Utica
2030-09-30,59,-1410.979824300607,-1431.659055675308,-129107.09473476611,-329810.6557730441,-1705.487773769899,-1730.4832950899809,Utica
2030-10-31,60,-1408.705244157017,-1434.695731588529,-130515.79997892313,-331245.3515046326,-1708.3127525114014,-1739.830972030637,Utica
2030-11-30,61,-1406.4304847662122,-1437.742846551688,-131922.23046368934,-332683.09435118426,-1711.137731314651,-1749.2340071619492,Utica
2030-12-31,62,-1404.1555715058892,-1440.8001516348004,-133326.38603519523,-334123.89450281905,-1713.9627101666897,-1758.6924004839177,Utica
2031-01-31,63,-1401.880529592327,-1443.8673999057448,-134728.26656478757,-335567.76190272486,-1716.7876890572777,-1768.2061519965423,Utica
2031-02-28,64,-1399.605384080681,-1446.9443464182937,-136127.87194886824,-337014.7062491431,-1719.6126679783245,-1777.7752616998237,Utica
2031-03-31,65,-1397.3301598653863,-1450.0307482002074,-137525.20210873362,-338464.73699734337,-1722.4376469234387,-1787.399729593761,Utica
2031-04-30,66,-1395.0548816806336,-1453.1263642413878,-138920.25699041426,-339917.8633615847,-1725.262625887569,-1797.0795556783546,Utica
2031-05-31,67,-1392.7795741009168,-1456.2309554820977,-140313.03656451518,-341374.09431706683,-1728.0876048667246,-1806.8147399536044,Utica
2031-06-30,68,-1390.5042615416212,-1459.3442848012355,-141703.5408260568,-342833.43860186805,-1730.912583857752,-1816.6052824195103,Utica
2031-07-31,69,-1388.2289682596545,-1462.4661170046743,-143091.76979431644,-344295.90471887274,-1733.7375628581603,-1826.451183076073,Utica
2031-08-31,70,-1385.9537183541038,-1465.5962188136632,-144477.72351267055,-345761.5009376864,-1736.5625418659804,-1836.352441923292,Utica
2031-09-30,71,-1383.678535766918,-1468.7343588532822,-145861.40204843748,-347230.2352965397,-1739.3875208796571,-1846.3090589611663,Utica
2031-10-31,72,-1381.4034442836016,-1471.8803076409654,-147242.8054927211,-348702.1156041806,-1742.2124998979607,-1856.3210341896977,Utica
2031-11-30,73,-1379.1284675339264,-1475.0338375750769,-148621.933960255,-350177.1494417557,-1745.0374789199209,-1866.388367608885,Utica
2031-12-31,74,-1376.8536289926496,-1478.194722923552,-149998.78758924766,-351655.3441646793,-1747.86245794477,-1876.5110592187289,Utica
2032-01-31,75,-1374.5789519802372,-1481.3627398125914,-151373.3665412279,-353136.7069044919,-1750.6874369719014,-1886.689109019229,Utica
2032-02-29,76,-1372.3044596635948,-1484.5376662154188,-152745.6710008915,-354621.24457070726,-1753.5124160008363,-1896.922517010385,Utica
2032-03-31,77,-1370.0301750567996,-1487.7192819410973,-154115.7011759483,-356108.9638526484,-1756.337395031197,-1907.2112831921972,Utica
2032-04-30,78,-1367.7561210218323,-1490.9073686233992,-155483.45729697015,-357599.8712212718,-1759.1623740626833,-1917.5554075646664,Utica
2032-05-31,79,-1365.4823202693135,-1494.1017097097392,-156848.93961723946,-359093.97293098154,-1761.987353095059,-1927.9548901277915,Utica
2032-06-30,80,-1363.2087953592354,-1497.302090450163,-158212.1484125987,-360591.2750214317,-1764.8123321281378,-1938.4097308815728,Utica
2032-07-31,81,-1360.9355687016953,-1500.5082978863918,-159573.0839813004,-362091.7833193181,-1767.6373111617722,-1948.91992982601,Utica
2032-08-31,82,-1358.6626625576282,-1503.7201208409283,-160931.74664385803,-363595.503440159,-1770.4622901958455,-1959.485486961104,Utica
2032-09-30,83,-1356.3900990395337,-1506.9373499062149,-162288.13674289756,-365102.4407900652,-1773.2872692302656,-1970.1064022868536,Utica
2032-10-31,84,-1354.117900112206,-1510.1597774338504,-163642.25464300977,-366612.6005674991,-1776.1122482649594,-1980.78267580326,Utica
2032-11-30,85,-1351.846087593459,-1513.3871975238658,-164994.10073060324,-368125.9877650229,-1778.93722729987,-1991.5143075103229,Utica
2032-12-31,86,-1349.5746831548472,-1516.61940601405,-166343.6754137581,-369642.607171037,-1781.7622063349515,-2002.3012974080416,Utica
2033-01-31,87,-1347.3037083223885,-1519.856200469338,-167690.97912208046,-371162.4633715063,-1784.5871853701683,-2013.1436454964169,Utica
2033-02-28,88,-1345.033184477279,-1523.0973801712496,-169036.01230655774,-372685.5607516776,-1787.4121644054917,-2024.041351775448,Utica
2033-03-31,89,-1342.7631328566104,-1526.3427461073873,-170378.77543941434,-374211.903497785,-1790.2371434408997,-2034.994416245136,Utica
2033-04-30,90,-1340.4935745540793,-1529.592100960985,-171719.2690139684,-375741.49559874594,-1793.0621224763745,-2046.0028389054796,Utica
2033-05-31,91,-1338.2245305206975,-1532.8452491005153,-173057.49354448912,-377274.34084784647,-1795.8871015119016,-2057.06661975648,Utica
2033-06-30,92,-1335.9560215654983,-1536.1019965693497,-174393.44956605462,-378810.44284441584,-1798.7120805474706,-2068.185758798136,Utica
2033-07-31,93,-1333.688068356238,-1539.3621510754729,-175727.13763441087,-380349.8049954913,-1801.537059583072,-2079.360256030448,Utica
2033-08-31,94,-1331.4206914200977,-1542.6255219812515,-177058.55832583096,-381892.43051747256,-1804.3620386187,-2090.5901114534167,Utica
2033-09-30,95,-1329.153911144379,-1545.8919202932552,-178387.71223697535,-383438.3224377658,-1807.187017654348,-2101.8753250670416,Utica
2033-10-31,96,-1326.8877477771991,-1549.1611586521344,-179714.59998475254,-384987.48359641794,-1810.011996690013,-2113.215896871323,Utica
2033-11-30,97,-1324.622221428181,-1552.4330513225473,-181039.2222061807,-386539.9166477405,-1812.8369757256903,-2124.6118268662603,Utica
2033-12-31,98,-1322.3573520691418,-1555.707414183142,-182361.57955824985,-388095.6240619237,-1815.6619547613775,-2136.063115051854,Utica
2034-01-31,99,-1320.0931595347788,-1558.9840647165938,-183681.67271778465,-389654.6081266402,-1818.486933797073,-2147.569761428104,Utica
2034-02-28,100,-1317.8296635233492,-1562.262821999687,-184999.502381308,-391216.87094863993,-1821.3119128327749,-2159.13176599501,Utica
2034-03-31,101,-1315.566883597353,-1565.5435066934594,-186315.0692649053,-392782.4144553334,-1824.1368918684816,-2170.7491287525727,Utica
2034-04-30,102,-1313.3048391842049,-1568.8259410333903,-187628.37410408957,-394351.2403963668,-1826.961870904192,-2182.4218497007914,Utica
2034-05-31,103,-1311.0435495769116,-1572.1099488196442,-188939.4176536665,-395923.3503451864,-1829.7868499399065,-2194.1499288396662,Utica
2034-06-30,104,-1308.7830339347388,-1575.3953554073655,-190248.2006876012,-397498.7457005938,-1832.6118289756228,-2205.9333661691976,Utica
2034-07-31,105,-1306.52331128388,-1578.6819876970235,-191554.72399888508,-399077.4276882908,-1835.4368080113409,-2217.772161689385,Utica
2034-08-31,106,-1304.264400518122,-1581.9696741248097,-192858.9883994032,-400659.3973624157,-1838.2617870470608,-2229.666315400229,Utica
2034-09-30,107,-1302.006320399503,-1585.2582446530832,-194160.9947198027,-402244.6556070688,-1841.0867660827817,-2241.615827301729,Utica
2034-10-31,108,-1299.7490895589765,-1588.5475307608713,-195460.74380936168,-403833.2031378296,-1843.911745118504,-2253.620697393885,Utica
2034-11-30,109,-1297.4927264970613,-1591.8373654344143,-196758.23653585877,-405425.04050326406,-1846.7367241542263,-2265.680925676698,Utica
2034-12-31,110,-1295.237249584498,-1595.1275831577652,-198053.47378544323,-407020.1680864218,-1849.5617031899496,-2277.7965121501666,Utica
2035-01-31,111,-1292.9826770628986,-1598.418019903438,-199346.4564625061,-408618.58610632527,-1852.3866822256737,-2289.967456814292,Utica
2035-02-28,112,-1290.7290270453914,-1601.7085131231026,-200637.1854895515,-410220.2946194484,-1855.2116612613977,-2302.193759669073,Utica
2035-03-31,113,-1288.4763175172686,-1604.9989017383327,-201925.6618070688,-411825.2935211867,-1858.0366402971224,-2314.4754207145106,Utica
2035-04-30,114,-1286.224566336624,-1608.289026131402,-203211.8863734054,-413433.5825473181,-1860.8616193328469,-2326.8124399506046,Utica
2035-05-31,115,-1283.9737912349954,-1611.5787281361263,-204495.8601646404,-415045.1612754542,-1863.686598368572,-2339.204817377354,Utica
2035-06-30,116,-1281.7240098179975,-1614.867851028759,-205777.5841744584,-416660.02912648296,-1866.5115774042968,-2351.652552994761,Utica
2035-07-31,117,-1279.475239565956,-1618.1562395189292,-207057.05941402432,-418278.1853660019,-1869.3365564400224,-2364.155646802824,Utica
2035-08-31,118,-1277.227497834538,-1621.4437397406336,-208334.2869118589,-419899.62910574256,-1872.1615354757475,-2376.7140988015426,Utica
2035-09-30,119,-1274.980801855378,-1624.7301992432726,-209609.26771371425,-421524.3593049858,-1874.9865145114727,-2389.327908990918,Utica
2035-10-31,120,116942.0241650734,331693.8759015085,-92667.24354864084,-89830.48340347724,-1877.8114935471976,-2401.997077370949,Utica
