Date,Month,Buying_Wealth,Renting_Wealth,Wealth_Difference,Buying_Equity,Buying_CumulativeCosts,Renting_InvestmentValue,Renting_CumulativeRent,City
2025-11-30,1,-7950.520107459743,250099.14879034556,258049.66889780527,44046.504823755065,51997.02493121481,251413.53634685127,1314.387556505798,Buffalo
2025-12-31,2,-8397.95156966149,250200.77752825228,258598.72909791375,45136.03516082413,53533.98673048562,252835.0650337181,2634.28750546583,Buffalo
2026-01-31,3,-8845.954827911715,250306.49846583803,259152.4532937497,46226.4377443105,55072.39257222222,254264.63125045283,3958.132784614793,Buffalo
2026-02-28,4,-9294.525348188938,250416.27552770104,259710.80087589,47317.71710823567,56612.2424564246,255702.2804424179,5286.004914716847,Buffalo
2026-03-31,5,-9743.658572903332,250530.44119351372,260274.0997664171,48409.87781018944,58153.53638309277,257148.0583119304,6617.617118416653,Buffalo
2026-04-30,6,-10193.349920774324,250648.4788005613,260841.8287213356,49502.92443145241,59696.274352226734,258602.010819715,7953.532019153712,Buffalo
2026-05-31,7,-10643.594786707406,250770.2794949908,261413.8742816982,50596.86157711907,61240.45636382647,260064.18418636505,9293.904691374224,Buffalo
2026-06-30,8,-11094.388541670312,250896.43435851435,261990.82290018463,51691.69387622169,62786.082417892,261534.62489381168,10638.190535297335,Buffalo
2026-07-31,9,-11545.726532568617,251026.60405130757,262572.3305838762,52787.4259818547,64333.15251442332,263013.3796868017,11986.775635494205,Buffalo
2026-08-31,10,-11997.604082120684,251160.9505192807,263158.5546014014,53884.06257129973,65881.66665342041,264500.4955743838,13339.5450551031,Buffalo
2026-09-30,11,-12450.016488731912,251299.8785070972,263749.89499582915,54981.60834615139,67431.6248348833,265996.0198314021,14696.1413243049,Buffalo
2026-10-31,12,-12902.959026368337,251442.28629407813,264345.24532044644,56080.06803244364,68983.02705881197,267500.0,16057.713705921864,Buffalo
2026-11-30,13,-13356.426944429608,251588.8412176619,264945.2681620915,57179.44638077682,70535.87332520643,269012.4838911309,17423.642673468996,Buffalo
2026-12-31,14,-13810.415467621322,251739.17147260383,265549.5869402252,58279.74816644535,72090.16363406667,270533.5195860784,18794.34811347453,Buffalo
2027-01-31,15,-14264.919795826589,251893.6227862084,266158.54258203495,59380.978189566114,73645.8979853927,272063.15543798456,20169.53265177618,Buffalo
2027-02-28,16,-14719.935103977055,252052.12563072477,266772.0607347018,60483.141275207454,75203.07637918451,273601.4400733871,21549.314442662377,Buffalo
2027-03-31,17,-15175.456541923268,252214.61905726907,267390.07559919235,61586.242273518845,76761.69881544211,275148.42239376553,22933.80333649648,Buffalo
2027-04-30,18,-15631.479234304134,252381.533797892,268013.0130321961,62690.28605986136,78321.7652941655,276704.15157709504,24322.61777920304,Buffalo
2027-05-31,19,-16087.998280415995,252552.639286734,268640.63756714994,63795.27753493868,79883.27581535467,278268.6770794105,25716.037792676565,Buffalo
2027-06-30,20,-16545.008754080845,252728.4070561234,269273.4158102042,64901.22162492879,81446.23037900963,279842.0486363785,27113.64158025508,Buffalo
2027-07-31,21,-17002.505703513947,252908.40459654355,269910.9103000575,66008.12328161643,83010.62898513037,281424.3162648779,28515.911668334364,Buffalo
2027-08-31,22,-17460.484151190714,253093.0527542417,270553.53690543247,67115.9874825262,84576.47163371691,283015.53026459063,29922.477510348897,Buffalo
2027-09-30,23,-17918.939093712877,253282.1045662443,271201.0436599572,68224.81923105635,86143.75832476922,284615.74121960026,31333.63665335596,Buffalo
2027-10-31,24,-18377.86550167404,253475.51943526568,271853.3849369397,69334.62355661328,87712.48905828732,286224.99999999994,32749.480564734265,Buffalo
2027-11-30,25,-18837.25831952445,253673.5485011673,272510.80682069174,70445.40551474676,89282.66383427121,287843.3577635101,34169.80926234277,Buffalo
2027-12-31,26,-19297.11246543513,253876.2432109224,273173.3556763575,71557.17018728575,90854.28265272088,289470.86595710384,35594.62274618148,Buffalo
2028-01-31,27,-19757.42283116124,254083.65530239305,273841.07813355426,72669.9226824751,92427.34551363632,291107.5763186434,37023.92101625038,Buffalo
2028-02-29,28,-20218.18428190479,254295.83680597472,274514.0210878795,73783.66813511279,94001.85241701758,292753.5408785242,38457.70407254948,Buffalo
2028-03-31,29,-20679.39165617664,254512.84004625032,275192.231702427,74898.41170668797,95577.8033628646,294408.8119613291,39895.97191507877,Buffalo
2028-04-30,30,-21141.039765657697,254734.71764365345,275875.75740931113,76014.15858551973,97155.19835117745,296073.4421874917,41338.72454383826,Buffalo
2028-05-31,31,-21603.12339505952,254961.52251614133,276564.64591120085,77130.91398689651,98734.03738195603,297747.4844749693,42785.961958827946,Buffalo
2028-06-30,32,-22065.63730198404,255193.3078808772,277258.94518286124,78248.68315321638,100314.32045520042,299430.992040925,44237.68416004783,Buffalo
2028-07-31,33,-22528.57621678273,255430.12725592143,277958.70347270416,79367.47135412786,101896.0475709106,301124.0184034193,45693.89114749791,Buffalo
2028-08-31,34,-22991.934842414907,255672.03446193383,278663.96930434875,80487.28388667165,103479.21872908655,302826.617383112,47154.58292117819,Buffalo
2028-09-30,35,-23455.70785430538,255919.0836238836,279374.791478189,81608.12607542292,105063.8339297283,304538.8431049723,48619.759481088666,Buffalo
2028-10-31,36,-23919.88990020128,256171.3291727706,280091.2190729719,82730.00327263455,106649.89317283584,306260.74999999994,50089.42082722934,Buffalo
2028-11-30,37,-24384.475600028178,256428.82584735556,280813.3014473837,83852.92085838097,108237.39645840914,307992.39280695573,51563.56695960021,Buffalo
2028-12-31,38,-24849.459545745543,256691.62869589985,281541.08824164537,84976.8842407027,109826.34378644824,309733.8265741011,53042.19787820128,Buffalo
2029-01-31,39,-25314.836301201314,256959.7930779159,282274.6293791172,86101.89885575182,111416.73515695312,311485.1066609484,54525.31358303253,Buffalo
2029-02-28,40,-25780.600401985765,257233.3746659269,283013.97506791266,87227.97016793804,113008.5705699238,313246.2887400209,56012.91407409399,Buffalo
2029-03-31,41,-26246.746355284675,257512.42944723647,283759.1758025212,88355.1036700756,114601.85002536028,315017.4287986221,57504.999351385646,Buffalo
2029-04-30,42,-26713.2686397316,257797.0137257086,284510.28236544016,89483.30488353092,116196.57352326252,316798.5831406161,59001.5694149075,Buffalo
2029-05-31,43,-27180.16170525951,258087.18412355764,285267.3458288172,90612.57935837103,117792.74106363054,318589.8083882172,60502.62426465955,Buffalo
2029-06-30,44,-27647.41997295164,258382.99758314795,286030.4175560996,91742.93267351273,119390.35264646437,320391.16148378974,62008.1639006418,Buffalo
2029-07-31,45,-28115.03783489138,258684.5113688045,286799.54920369585,92874.3704368726,120989.40827176395,322202.6996916587,63518.18832285424,Buffalo
2029-08-31,46,-28583.00965401168,258991.7830686329,287574.79272264463,94006.89828551767,122589.90793952937,324024.4805999298,65032.69753129688,Buffalo
2029-09-30,47,-29051.329763943475,259304.87059635055,288356.2003602941,95140.52188581706,124191.85164976052,325856.5621223203,66551.69152596971,Buffalo
2029-10-31,48,-29519.992468863347,259623.8321931272,289143.8246619905,96275.24693359414,125795.23940245748,327699.00249999994,68075.17030687275,Buffalo
2029-11-30,49,-29988.99204334042,259948.72642943665,289937.71847277705,97411.0791542798,127400.07119762024,329551.86030344263,69603.13387400599,Buffalo
2029-12-31,50,-30458.32273218254,260279.6122069188,290737.93493910134,98548.02430306622,129006.34703524876,331415.1944342882,71135.5822273694,Buffalo
2030-01-31,51,-30927.97875028141,260616.5487602518,291544.5275105332,99686.08816506166,130614.06691534308,333289.06412721484,72672.51536696302,Buffalo
2030-02-28,52,-31397.95428245727,260959.5956590355,292357.54994149273,100825.27655544592,132223.2308379032,335173.5289518223,74213.93329278684,Buffalo
2030-03-31,53,-31868.243483302387,261308.8128096848,293177.0562929872,101965.59531962668,133833.8388029291,337068.64881452563,75759.83600484085,Buffalo
2030-04-30,54,-32338.840477024147,261664.2604573341,294003.10093435826,103107.0503333966,135445.89081042074,338974.4839604592,77310.22350312506,Buffalo
2030-05-31,55,-32809.73935728692,262025.99918775287,294835.7385450398,104249.64750309128,137059.3868603782,340891.09497539233,78865.09578763947,Buffalo
2030-06-30,56,-33280.93418705338,262394.0899292709,295675.02411632426,105393.39276574804,138674.32695280144,342818.54278765497,80424.45285838407,Buffalo
2030-07-31,57,-33752.41899842495,262768.59395471594,296521.0129531409,106538.29208926552,140290.71108769046,344756.8886700748,81988.29471535888,Buffalo
2030-08-31,58,-34224.1877924813,263149.572883361,297373.7606758423,107684.35147256398,141908.53926504528,346706.1942419249,83556.62135856388,Buffalo
2030-09-30,59,-34696.23453911912,263537.08868288365,298233.3232220028,108831.57694574678,143527.8114848659,348666.5214708827,85129.43278799907,Buffalo
2030-10-31,60,-35168.55317689001,263931.2036713355,299099.7568482255,109979.97457026227,145148.5277471523,350637.932675,86706.72900366447,Buffalo
2030-11-30,61,-35641.13761283769,264331.9805191235,299973.1181319612,111129.55043906678,146770.68805190446,352620.4905246836,88288.51000556006,Buffalo
2030-12-31,62,-36113.98172233399,264739.48225100245,300853.46397333645,112280.31067678845,148394.29239912244,354614.2580446883,89874.77579368585,Buffalo
2031-01-31,63,-36587.079348914354,265153.772248078,301740.85159699235,113432.26143989182,150019.34078880618,356619.29861611984,91465.52636804184,Buffalo
2031-02-28,64,-37060.42430411236,265574.91424982186,302635.33855393424,114585.40891684336,151645.8332209557,358635.6759784499,93060.76172862804,Buffalo
2031-03-31,65,-37534.01036729332,266002.972356098,303536.9827233913,115739.75932827772,153273.76969557104,360663.4542315424,94660.4818754444,Buffalo
2031-04-30,66,-38007.831285487046,266438.0110292004,304445.84231468744,116895.31892716508,154903.15021265214,362702.69783769135,96264.68680849098,Buffalo
2031-05-31,67,-38481.88077321986,266880.09509590204,305361.9758691219,118052.09399897917,156533.97477219903,364753.4716236698,97873.37652776774,Buffalo
2031-06-30,68,-38956.15251234555,267329.28974951606,306285.44226186164,119210.09086186616,158166.2433742117,366815.8407827908,99486.5510332747,Buffalo
2031-07-31,69,-39430.64015187556,267785.66055196815,307216.3007038437,120369.3158668146,159799.95601869017,368889.87087698,101104.21032501188,Buffalo
2031-08-31,70,-39905.33730780831,268249.27343588043,308154.6107436888,121529.7753978261,161435.1127056344,370975.6278388596,102726.35440297922,Buffalo
2031-09-30,71,-40380.23756295757,268720.1947066677,309100.43226962525,122691.47587208688,163071.71343504445,373073.17797384446,104352.98326717678,Buffalo
2031-10-31,72,-40855.334466779896,269198.4910446453,310053.8255114252,123854.42374014037,164709.75820692026,375182.5879622499,105984.09691760452,Buffalo
2031-11-30,73,-41330.62153520133,269684.22950714896,311014.8510423503,125018.62548606054,166349.24702126186,377303.92486141145,107619.69535426248,Buffalo
2031-12-31,74,-41806.09225044306,270177.4775306658,311983.5697811089,126184.0876276262,167990.17987806926,379437.2561078165,109259.77857715065,Buffalo
2032-01-31,75,-42281.74006084624,270678.3029329792,312960.0429938254,127350.8167164962,169632.55677734243,381582.64951924817,110904.34658626898,Buffalo
2032-02-29,76,-42757.558380695846,271186.7739153239,313944.33229601977,128518.81933838554,171276.3777190814,383740.1732969414,112553.39938161752,Buffalo
2032-03-31,77,-43233.5405900437,271702.95906455413,314936.49965459784,129688.10211324244,172921.64270328614,385909.8960277504,114206.93696319626,Buffalo
2032-04-30,78,-43709.68003453047,272226.9273553245,315936.60738985497,130858.6716954262,174568.35172995666,388091.8866863297,115864.9593310052,Buffalo
2032-05-31,79,-44185.9700252068,272758.7481522823,316944.7181774891,132030.53477388615,176216.50479909297,390286.21463732666,117527.46648504434,Buffalo
2032-06-30,80,-44662.40383835358,273298.49121227243,317960.895050626,133203.6980723415,177866.10191069508,392492.9496375861,119194.45842531369,Buffalo
2032-07-31,81,-45138.9747153011,273846.2266865554,318985.2014018565,134378.1683494619,179517.143064763,394712.16183836863,120865.9351518132,Buffalo
2032-08-31,82,-45615.675862247415,274402.0251230369,320017.7009852843,135553.95239904925,181169.62826129663,396943.9217875798,122541.89666454292,Buffalo
2032-09-30,83,-46092.50045007581,274965.9574685107,321058.45791858656,136731.05705022032,182823.55750029613,399188.3004320136,124222.34296350284,Buffalo
2032-10-31,84,-46569.44161417111,275538.0950709144,322107.5366850855,137909.48916759028,184478.9307817614,401445.3691196074,125907.27404869294,Buffalo
2032-11-30,85,-47046.49245423521,276118.50968159694,323165.0021358321,139089.2556514572,186135.7481056924,403715.1996017102,127596.68992011323,Buffalo
2032-12-31,86,-47523.646034101606,276707.2734575999,324230.9194917015,140270.36343798763,187794.00947208924,405997.86403536366,129290.59057776377,Buffalo
2033-01-31,87,-48000.89538154894,277304.4589639511,325305.3543455,141452.81949940292,189453.71488095183,408293.4349855956,130988.97602164446,Buffalo
2033-02-28,88,-48478.233488113474,277910.13917597185,326388.37266408536,142636.63084416676,191114.86433228024,410601.9854277272,132691.84625175537,Buffalo
2033-03-31,89,-48955.65330890095,278524.38748159644,327480.0407904974,143821.80451717347,192777.4578260744,412923.5887496929,134399.20126809645,Buffalo
2033-04-30,90,-49433.147762396926,279147.2776837051,328580.42544610205,145008.34759993746,194441.4953623344,415258.3187543728,136111.04107066774,Buffalo
2033-05-31,91,-49910.709730276605,279778.8840024703,329689.5937327469,146196.26721078352,196106.97694106013,417606.2496619395,137827.3656594692,Buffalo
2033-06-30,92,-50388.3320572135,280419.28107771627,330807.6131349298,147385.57050503817,197773.9025622517,419967.4561122172,139548.1750345009,Buffalo
2033-07-31,93,-50866.007550687005,281068.5439712916,331934.55152197863,148576.264675222,199442.272225909,422342.0131670544,141273.46919576277,Buffalo
2033-08-31,94,-51343.72898078905,281726.7481694555,333070.4771502445,149768.35695124304,201112.0859320321,424729.9963127104,143003.24814325484,Buffalo
2033-09-30,95,-51821.48908002986,282393.9695852774,334215.45866530726,150961.85460059112,202783.34368062095,427131.4814622545,144737.5118769771,Buffalo
2033-10-31,96,-52299.28054314255,283070.2845610503,335369.5651041928,152156.7649285331,204456.0454716757,429546.5449579799,146476.26039692957,Buffalo
2033-11-30,97,-52777.09602688669,283755.76987071766,336532.8658976044,153353.09527830945,206130.1913051961,431975.2635738299,148219.49370311224,Buffalo
2033-12-31,98,-53254.92814985104,284450.502722314,337705.430872165,154550.85303133132,207805.7811811824,434417.7145178391,149967.2117955251,Buffalo
2034-01-31,99,-53732.76949225503,285154.5607604191,338887.3302526742,155750.04560737938,209482.8150996344,436873.9754345873,151719.41467416816,Buffalo
2034-02-28,100,-54210.61259574932,285868.0220686267,340078.63466437603,156950.6804648029,211161.2930605522,439344.1244076681,153476.10233904142,Buffalo
2034-03-31,101,-54688.44996321542,286590.9651720265,341279.4151352419,158152.7651007204,212841.21506393584,441828.23996217136,155237.27479014487,Buffalo
2034-04-30,102,-55166.27405856404,287323.46903970034,342489.7430982644,159356.30705122117,214522.5811097852,444326.4010671789,157002.93202747853,Buffalo
2034-05-31,103,-55644.07730653256,288065.61308723286,343709.69039376546,160561.3138915678,216205.3911981004,446838.6871382752,158773.07405104238,Buffalo
2034-06-30,104,-56121.85209248148,288817.47717923595,344939.32927171746,161767.79323639986,217889.6453288813,449365.1780400724,160547.70086083643,Buffalo
2034-07-31,105,-56599.59076218959,289579.1416318875,346178.7323940771,162975.7527399385,219575.3435021281,451905.9540887482,162326.81245686067,Buffalo
2034-08-31,106,-57077.285621648334,290350.6872154849,347427.9728371332,164185.2000961923,221262.48571784064,454461.0960546,164110.40883911512,Buffalo
2034-09-30,107,-57554.92893685491,291132.1951570125,348687.1240938675,165396.14303916405,222951.07197601892,457030.6851646123,165898.49000759976,Buffalo
2034-10-31,108,-58032.51293360445,291923.7471427239,349956.2600763283,166608.5893430586,224641.10227666303,459614.8031050385,167691.0559623146,Buffalo
2034-11-30,109,-58510.02979728105,292725.4253207384,351235.4551180195,167822.54682249192,226332.57661977297,462213.5320239981,169488.10670325963,Buffalo
2034-12-31,110,-58987.4716726476,293537.3123036529,352524.7839763005,169038.02333270104,228025.49500534864,464826.9545340878,171289.64223043487,Buffalo
2035-01-31,111,-59464.830663634784,294359.49117116805,353824.32183480286,170255.02676975532,229719.8574333901,467455.1537150084,173095.6625438403,Buffalo
2035-02-28,112,-59942.09883312869,295192.04547272896,355134.14430585766,171473.56507076867,231415.66390389737,470098.2131162049,174906.16764347593,Buffalo
2035-03-31,113,-60419.26820275752,296035.0592301816,356454.3274329391,172693.64621411287,233112.9144168704,472756.2167595233,176721.15752934176,Buffalo
2035-04-30,114,-60896.33075267717,296888.6169404436,357784.94769312075,173915.27821963205,234811.6089723092,475429.24914188136,178540.63220143778,Buffalo
2035-05-31,115,-61373.27842135559,297752.8035781905,359126.0819995461,175138.46914885825,236511.74757021383,478117.3952379545,180364.591659764,Buffalo
2035-06-30,116,-61850.10310535605,298627.704598557,360477.807703913,176363.22710522817,238213.33021058424,480820.7405028774,182193.0359043204,Buffalo
2035-07-31,117,-62326.796659119456,299513.40593985346,361840.20259897294,177589.56023430094,239916.3568934204,483539.3708749605,184025.96493510704,Buffalo
2035-08-31,118,-62803.350894745294,300409.99402629817,363213.3449210435,178817.47672397707,241620.8276187224,486273.372778422,185863.37875212383,Buffalo
2035-09-30,119,-63279.75758177147,301317.5557707643,364597.31335253577,180046.98480471864,243326.7423864901,489022.8331261352,187705.27735537087,Buffalo
2035-10-31,120,-63756.00844695323,302236.17857754306,365992.18702449626,181278.0927497704,245034.10119672364,491787.8393223912,189551.66074484808,Buffalo
2025-11-30,1,-18533.9130891634,248028.06729888005,266561.98038804345,50435.72302748007,68969.63611664347,251413.53634685127,3385.469047971271,NYC
2025-12-31,2,-19653.5006072838,246052.4023428516,265705.9029501353,53045.24222187273,72698.74282915653,252835.0650337181,6782.662690866526,NYC
2026-01-31,3,-20774.21348710621,244074.2536434469,264848.46713055315,55657.03812016698,76431.2516072732,254264.63125045283,10190.377607005905,NYC
2026-02-28,4,-21896.03989410287,242094.71050799155,263990.75040209445,58271.122556890594,80167.16245099346,255702.2804424179,13607.569934426334,NYC
2026-03-31,5,-23018.96793222893,240114.6867564051,263133.65468863404,60887.5074280884,83906.47536031733,257148.0583119304,17033.371555525282,NYC
2026-04-30,6,-24142.985643602777,238134.9157790291,262277.90142263187,63506.20469164202,87649.1903352448,258602.010819715,20467.09504068592,NYC
2026-05-31,7,-25268.08100818463,236155.9549020416,261424.03591022617,66127.22636759124,91395.30737577588,260064.18418636505,23908.229284323454,NYC
2026-06-30,8,-26394.24194345332,234178.1970037597,260572.43894721303,68750.58453845722,95144.82648191054,261534.62489381168,27356.427890051968,NYC
2026-07-31,9,-27521.45630408156,232201.88740123413,259723.34370531567,71376.29134956724,98897.7476536488,263013.3796868017,30811.492285567587,NYC
2026-08-31,10,-28649.711881609503,230227.14417869007,258876.8560602996,74004.35900938115,102654.07089099064,264500.4955743838,34273.35139569376,NYC
2026-09-30,11,-29778.99640411648,228253.98033539567,258032.97673951212,76634.79978981963,106413.79619393613,265996.0198314021,37742.03949600643,NYC
2026-10-31,12,-30909.297535891325,226282.32637021743,257191.62390610875,79267.62602659385,110176.92356248516,267500.0,41217.67362978256,NYC
2026-11-30,13,-32040.602877100508,224312.05217568943,256352.65505278995,81902.85011953732,113943.45299663785,269012.4838911309,44700.43171544144,NYC
2026-12-31,14,-33172.899963455,222342.9873709629,255515.88733441784,84540.4845329391,117713.3844963941,270533.5195860784,48190.53221511549,NYC
2027-01-31,15,-34306.17626587523,220374.93944848207,254681.1157143573,87180.54179587873,121486.71806175396,272063.15543798456,51688.21598950249,NYC
2027-02-28,16,-35440.41919015418,218407.70933457016,253848.12852472436,89823.03450256324,125263.45369271742,273601.4400733871,55193.73073881694,NYC
2027-03-31,17,-36575.61607661896,216441.1041629288,253016.7202395477,92467.97531266553,129043.59138928448,275148.42239376553,58707.31823083676,NYC
2027-04-30,18,-37711.754199790565,214474.9472284928,252186.70142828336,95115.37695166456,132827.13115145513,276704.15157709504,62229.20434860221,NYC
2027-05-31,19,-38848.820768041536,212509.085225442,251357.90599348355,97765.25221118784,136614.0729792294,278268.6770794105,65759.5918539685,NYC
2027-06-30,20,-39986.80292325246,210543.3929775541,250530.19590080652,100417.6139493548,140404.41687260725,279842.0486363785,69298.6556588244,NYC
2027-07-31,21,-41125.68774046603,208577.77594307635,249703.4636835424,103072.47509112267,144198.1628315887,281424.3162648779,72846.54032180156,NYC
2027-08-31,22,-42265.46222753986,206612.17082253203,248877.6330500719,105729.84862863387,147995.31085617375,283015.53026459063,76403.35944205859,NYC
2027-09-30,23,-43406.1133247971,204646.54461977107,248052.65794456817,108389.7476215653,151795.8609463624,284615.74121960026,79969.19659982919,NYC
2027-10-31,24,-44547.62790467544,202680.8925079723,247228.52041264772,111052.1851974792,155599.81310215464,286224.99999999994,83544.10749202763,NYC
2027-11-30,25,-45689.99277137424,200715.23483722375,246405.227608598,113717.17455217626,159407.1673235505,287843.3577635101,87128.1229262863,NYC
2027-12-31,26,-46833.19466049981,198749.6135927257,245582.80825322552,116384.72895005014,163217.92361054994,289470.86595710384,90721.25236437812,NYC
2028-01-31,27,-47977.22023870886,196784.0885763529,244761.30881506176,119054.86172444414,167032.081963153,291107.5763186434,94323.48774229053,NYC
2028-02-29,28,-49122.05610335001,194818.73354267213,243940.7896460221,121727.58627800964,170849.64238135965,292753.5408785242,97934.80733585206,NYC
2028-03-31,29,-50267.68878210371,192853.63247653807,243121.32125864175,124402.9160830662,174670.6048651699,294408.8119613291,101555.17948479102,NYC
2028-04-30,30,-51414.10473261989,190888.8761555598,242302.98088817968,127080.86468196388,178494.96941458376,296073.4421874917,105184.5660319319,NYC
2028-05-31,31,-52561.2903421541,188924.55909904317,241485.84944119724,129761.44568744708,182322.7360296012,297747.4844749693,108822.92537592612,NYC
2028-06-30,32,-53709.23192720153,186960.7769669558,240670.00889415733,132444.6727830207,186153.90471022224,299430.992040925,112470.21507396922,NYC
2028-07-31,33,-54857.915733129135,184997.6244390662,239855.54017219527,135130.55972331774,189988.47545644687,301124.0184034193,116126.39396435316,NYC
2028-08-31,34,-56007.327933806,183035.1935762827,239042.5215100887,137819.12033446913,193826.44826827515,302826.617383112,119791.42380682932,NYC
2028-09-30,35,-57157.45463123155,181073.57264360372,238231.0272748353,140510.3685144754,197667.82314570696,304538.8431049723,123465.27046136852,NYC
2028-10-31,36,-58308.28185516215,179112.84535693895,237421.1272121011,143204.31823358027,201512.6000887424,306260.74999999994,127147.904643061,NYC
2028-11-30,37,-59459.79556273547,177153.09050406044,236612.8860667959,145900.983534646,205360.77909738143,307992.39280695573,130839.3023028953,NYC
2028-12-31,38,-60611.98163809296,175194.3818826317,235806.36352072464,148600.37853353115,209212.3601716241,309733.8265741011,134539.44469146943,NYC
2029-01-31,39,-61764.82589200052,173236.78849503273,235001.61438703325,151302.51741946983,213067.34331147035,311485.1066609484,138248.3181659157,NYC
2029-02-28,40,-62918.31406146701,171280.37493989218,234198.6890013592,154007.41445545317,216925.72851692015,313246.2887400209,141965.9138001287,NYC
2029-03-31,41,-64072.43180936095,169325.20194315727,233397.63375251825,156715.08397861267,220787.5157879736,315017.4287986221,145692.22685546483,NYC
2029-04-30,42,-65227.164724024944,167371.32697650616,232598.4917005311,159425.5404006057,224652.70512463065,316798.5831406161,149427.25616410992,NYC
2029-05-31,43,-66382.49831888848,165418.80491729005,231801.30323617853,162138.79820800282,228521.2965268913,318589.8083882172,153171.00347092713,NYC
2029-06-30,44,-67538.41803207836,163467.68871141408,231006.10674349245,164854.87196267716,232393.28999475556,320391.16148378974,156923.47277237565,NYC
2029-07-31,45,-68694.90922602752,161518.03000812727,230212.9392341548,167573.77630219585,236268.68552822337,322202.6996916587,160684.66968353145,NYC
2029-08-31,46,-69851.95718708122,159569.87974316927,229421.8369302505,170295.5259402136,240147.4831272948,324024.4805999298,164454.60085676055,NYC
2029-09-30,47,-71009.54712510182,157623.28865379994,228632.83577890176,173020.135666868,244029.68279196983,325856.5621223203,168233.27346852035,NYC
2029-10-31,48,-72167.66417307113,155678.30771565725,227845.9718887284,175747.62034917733,247915.2845222485,327699.00249999994,172020.6947843427,NYC
2029-11-30,49,-73326.29338669064,153734.9884969964,227061.28188368704,178477.99493144004,251804.28831813068,329551.86030344263,175816.87180644623,NYC
2029-12-31,50,-74485.41974398005,151793.38343055427,226278.80317453432,181211.27443563647,255696.6941796165,331415.1944342882,179621.81100373392,NYC
2030-01-31,51,-75645.0281448733,149853.54600702933,225498.57415190263,183947.47396183264,259592.50210670597,333289.06412721484,183435.5181201855,NYC
2030-02-28,52,-76805.10341081274,147915.5308969827,224720.63430779544,186686.60868858625,263491.7120993989,335173.5289518223,187257.9980548396,NYC
2030-03-31,53,-77965.63028434105,145979.3940099055,223945.0242942465,189428.69387335447,267394.3241576956,337068.64881452563,191089.2548046201,NYC
2030-04-30,54,-79126.59342869121,144045.19250034905,223171.78592904023,192173.74485290455,271300.3382815958,338974.4839604592,194929.2914601101,NYC
2030-05-31,55,-80287.97742737422,142112.9847314806,222400.9621588548,194921.77704372545,275209.75447109964,340891.09497539233,198778.1102439117,NYC
2030-06-30,56,-81449.76678376459,140182.83020632045,221632.59699008503,197672.8059424425,279122.5727262071,342818.54278765497,202635.7125813345,NYC
2030-07-31,57,-82611.94592068391,138254.78947636366,220866.7353970476,200426.8471262342,283038.7930469181,344756.8886700748,206502.09919371115,NYC
2030-08-31,58,-83774.49917998217,136328.92403639367,220103.42321637584,203183.91625325056,286958.4154332328,346706.1942419249,210377.27020553124,NYC
2030-09-30,59,-84937.41082211665,134405.2962131788,219342.70703529543,205944.02906303428,290881.43988515093,348666.5214708827,214261.2252577039,NYC
2030-10-31,60,-86100.66502572905,132483.9690544891,218584.63408021815,208707.20137694373,294807.8664026728,350637.932675,218153.9636205108,NYC
2030-11-30,61,-87264.24588722002,130565.00622357448,217829.2521107945,211473.4490985782,298737.6949857982,352620.4905246836,222055.48430110907,NYC
2030-12-31,62,-88428.13742032187,128648.47190296905,217076.6093232909,214242.78821420536,302670.92563452723,354614.2580446883,225965.7861417193,NYC
2031-01-31,63,-89592.32355566864,126734.43071028608,216326.75426595472,217015.2347931912,306607.55834885983,356619.29861611984,229884.86790583376,NYC
2031-02-28,64,-90756.78814036428,124822.9476275871,215579.73576795135,219790.80498843172,310547.593128796,358635.6759784499,233812.7283508628,NYC
2031-03-31,65,-91921.51493754856,122914.08794496531,214835.60288251383,222569.5150367873,314491.02997433586,360663.4542315424,237749.3662865771,NYC
2031-04-30,66,-93086.4876259602,121007.91721820438,214094.4048441646,225351.38125951908,318437.8688854793,362702.69783769135,241694.78061948696,NYC
2031-05-31,67,-94251.6897994986,119104.50123975254,213356.19103925116,228136.4200627277,322388.1098622263,364753.4716236698,245648.97038391724,NYC
2031-06-30,68,-95417.10496678262,117203.90602179043,212621.01098857305,230924.64793779427,326341.7529045769,366815.8407827908,249611.9347610004,NYC
2031-07-31,69,-96582.7165507074,115306.19778985911,211888.9143405665,233716.0814618237,330298.7980125312,368889.87087698,253583.6730871209,NYC
2031-08-31,70,-97748.50788799854,113411.44298533344,211159.950873332,236510.7372980904,334259.24518608896,370975.6278388596,257564.18485352615,NYC
2031-09-30,71,-98914.46222876436,111519.70827496258,210434.17050372696,239308.632196486,338223.0944252504,373073.17797384446,261553.46969888188,NYC
2031-10-31,72,-100080.56273604569,109631.0605657276,209711.62330177327,242109.78299396968,342190.34573001537,375182.5879622499,265551.5273965223,NYC
2031-11-30,73,-101246.79248536314,107745.56702337124,208992.3595087344,244914.2066150208,346160.99910038395,377303.92486141145,269558.3578380402,NYC
2031-12-31,74,-102413.13446426229,105863.2950931146,208276.4295573769,247721.9200720939,350135.0545363562,379437.2561078165,273573.96101470187,NYC
2032-01-31,75,-103579.57157185629,103984.31252127148,207563.8840931277,250532.94046607573,354112.512037932,381582.64951924817,277598.3369979767,NYC
2032-02-29,76,-104746.0866183662,102108.68737668636,206854.77399505256,253347.2849867452,358093.3716051114,383740.1732969414,281631.485920255,NYC
2032-03-31,77,-105912.662324659,100236.4880711459,206149.1503958049,256164.9709132354,362077.6332378944,385909.8960277504,285673.4079566045,NYC
2032-04-30,78,-107079.28132178308,98367.78337813167,205447.0646999148,258986.01561449797,366065.296936281,388091.8866863297,289724.10330819804,NYC
2032-05-31,79,-108245.92615050124,96502.6424494828,204748.56859998405,261810.43654977,370056.3627002713,390286.21463732666,293783.57218784385,NYC
2032-06-30,80,-109412.57926082156,94641.13482972204,204053.7140905436,264638.2512690435,374050.83052986505,392492.9496375861,297851.8148078641,NYC
2032-07-31,81,-110579.22301152546,92783.33046795562,203362.55347948108,267469.477413537,378048.7004250624,394712.16183836863,301928.831370413,NYC
2032-08-31,82,-111745.83966969368,90929.2997273862,202675.13939707988,270304.13271616976,382049.9723858634,396943.9217875798,306014.6220601936,NYC
2032-09-30,83,-112912.41141022951,89079.11339258362,201991.52480281316,273142.23500203853,386054.6464122681,399188.3004320136,310109.18703943,NYC
2032-10-31,84,-114078.92031537968,87232.84267472965,201311.76299010933,275983.8021888966,390062.72250427626,401445.3691196074,314212.52644487773,NYC
2032-11-30,85,-115245.34837425262,85390.55921510712,200635.90758935973,278828.85228763544,394074.20066188806,403715.1996017102,318324.6403866031,NYC
2032-12-31,86,-116411.67748233445,83552.3350871288,199964.01256946323,281677.403402769,398089.0808851034,405997.86403536366,322445.52894823486,NYC
2033-01-31,87,-117577.88944100228,81718.24279721186,199296.1322382141,284529.4737329202,402107.36317392247,408293.4349855956,326575.1921883837,NYC
2033-02-28,88,-118743.96595703496,79888.35528479633,198632.3212418313,287385.0815713101,406129.0475283451,410601.9854277272,330713.6301429309,NYC
2033-03-31,89,-119909.88864212146,78062.74592178583,197972.63456390728,290244.2453062498,410154.1339483713,412923.5887496929,334860.84282790706,NYC
2033-04-30,90,-121075.63901236652,76241.48851166078,197317.1275240273,293106.98342163453,414182.62243400107,415258.3187543728,339016.83024271205,NYC
2033-05-31,91,-122241.1984877938,74424.65728848148,196665.85577627528,295973.31449744065,418214.5129852344,417606.2496619395,343181.592373458,NYC
2033-06-30,92,-123406.54839184642,72612.32691595866,196018.87530780508,298843.25721022504,422249.80560207146,419967.4561122172,347355.1291962585,NYC
2033-07-31,93,-124571.66995088488,70804.5724867325,195376.2424376174,301716.8303336272,426288.50028451206,422342.0131670544,351537.4406803219,NYC
2033-08-31,94,-125736.5442936826,69001.46952196385,194738.01381564647,304594.05273887364,430330.59703255625,424729.9963127104,355728.5267907465,NYC
2033-09-30,95,-126901.15245091853,67203.09397130716,194104.24642222567,307474.9433952855,434376.095846204,427131.4814622545,359928.3874909473,NYC
2033-10-31,96,-128065.47535466713,65409.522213303135,193474.99756797025,310359.52137078834,438424.99672545545,429546.5449579799,364137.0227446768,NYC
2033-11-30,97,-129229.49383788602,63620.831056203286,192850.3248940893,313247.80583242443,442477.29967031046,431975.2635738299,368354.4325176266,NYC
2033-12-31,98,-130393.18863390066,61837.09773921728,192230.28637311797,316139.8160468684,446533.00468076905,434417.7145178391,372580.6167786218,NYC
2034-01-31,99,-131556.54037588643,60058.399934155925,191614.94031004235,319035.5713809448,450592.1117568312,436873.9754345873,376815.57550043135,NYC
2034-02-28,100,-132719.52959634812,58284.81574743189,191004.34534378,321935.0913021489,454654.620898497,439344.1244076681,381059.30866023625,NYC
2034-03-31,101,-133882.13672659668,56516.423722370586,190398.56044896727,324838.3953791697,458720.5321057664,441828.23996217136,385311.8162398008,NYC
2034-04-30,102,-135044.34209622297,54753.30284178024,189797.6449380032,327745.50328241644,462789.8453786394,444326.4010671789,389573.0982253986,NYC
2034-05-31,103,-136206.12593256915,52995.53253072919,189201.65846329837,330656.43478454684,466862.560717116,446838.6871382752,393843.1546075461,NYC
2034-06-30,104,-137367.46836019726,51243.19265947974,188610.661019677,333571.2097609989,470938.67812119616,449365.1780400724,398121.98538059264,NYC
2034-07-31,105,-138528.3494003549,49496.36354653083,188024.71294688573,336489.8481905251,475018.19759088,451905.9540887482,402409.59054221737,NYC
2034-08-31,106,-139688.74897043814,47755.12596172822,187443.8749321664,339412.37015572924,479101.1191261674,454461.0960546,406705.9700928718,NYC
2034-09-30,107,-140848.64688345167,46019.56112940592,186868.2080128576,342338.7958436067,483187.4427270584,457030.6851646123,411011.1240352064,NYC
2034-10-31,108,-142008.0228474663,44289.7507315285,186297.7735789948,345269.14554608666,487277.16839355294,459614.8031050385,415325.05237351,NYC
2034-11-30,109,-143166.85646507336,42565.77691081236,185732.6333758857,348203.43966057774,491370.2961256511,462213.5320239981,419647.7551131857,NYC
2034-12-31,110,-144325.12723283662,40847.72227380792,185172.84950664453,351141.6986905163,495466.8259233529,464826.9545340878,423979.2322602799,NYC
2035-01-31,111,-145482.81454074086,39135.66989393288,184618.4844346737,354083.94324591744,499566.7577866583,467455.1537150084,428319.48382107547,NYC
2035-02-28,112,-146639.897671638,37429.70331444964,184069.60098608764,357030.1940439293,503670.0917155673,470098.2131162049,432668.50980175525,NYC
2035-03-31,113,-147796.3558006902,35729.906551386055,183526.26235207624,359980.47190938966,507776.82771007984,472756.2167595233,437026.31020813726,NYC
2035-04-30,114,-148952.1679948102,34036.36409640184,182988.53209121205,362934.7977753858,511886.96577019605,475429.24914188136,441392.8850454795,NYC
2035-05-31,115,-150107.3132120985,32349.160919605118,182456.4741317036,365893.19268381735,516000.5058959159,478117.3952379545,445768.2343183494,NYC
2035-06-30,116,-151261.77030127763,30668.38247232634,181930.152773604,368855.6777859616,520117.4480872392,480820.7405028774,450152.3580305511,NYC
2035-07-31,117,-152415.51800112386,28994.114689858103,181409.632690982,371822.2743430424,524237.7923441662,483539.3708749605,454545.2561851024,NYC
2035-08-31,118,-153568.5349398955,27326.44399416924,180894.97893406477,374793.00372680125,528361.5386666968,486273.372778422,458946.9287842528,NYC
2035-09-30,119,-154720.79963475856,25665.457296602428,180386.256931361,377767.8874200724,532488.687054831,489022.8331261352,463357.3758295328,NYC
2035-10-31,120,-155872.29049120896,24011.242000564467,179883.53249177345,380746.9470173597,536619.2375085687,491787.8393223912,467776.5973218267,NYC
2025-11-30,1,-6879.897557694196,250131.78066267504,257011.67822036924,36645.268813401024,43525.16637109522,251413.53634685127,1281.7556841762982,Utica
2025-12-31,2,-7398.603670041062,250268.2803319,257666.88400194107,37671.972956699086,45070.57662674015,252835.0650337181,2566.784701818102,Utica
2026-01-31,3,-7905.075654876418,250402.626039554,258307.70169443043,38713.539832786046,46618.615487662464,254264.63125045283,3862.0052108988266,Utica
2026-02-28,4,-8399.96163152156,250532.2817272021,258932.24335872367,39769.36076911172,48169.32240063328,255702.2804424179,5169.998715215758,Utica
2026-03-31,5,-8885.647271494483,250661.47325007943,259547.12052157396,40837.08266666447,49722.72993815896,257148.0583119304,6486.585061850964,Utica
2026-04-30,6,-9364.400048544128,250795.58064957056,260159.9806981147,41914.46407552261,51278.86412406674,258602.010819715,7806.430170144463,Utica
2026-05-31,7,-9838.089130650093,250930.16227747573,260768.25140812583,42999.65644876403,52837.74557941412,260064.18418636505,9134.0219088893,Utica
2026-06-30,8,-10308.20661618874,251068.37615100175,261376.58276719053,44091.18399344105,54399.390609629794,261534.62489381168,10466.248742809912,Utica
2026-07-31,9,-10775.933913565585,251206.75812693904,261982.69204050463,45187.87818709531,55963.81210066089,263013.3796868017,11806.621559862704,Utica
2026-08-31,10,-11242.204332666028,251350.1381374396,262592.3424701056,46288.81590198283,57531.02023464886,264500.4955743838,13150.357436944225,Utica
2026-09-30,11,-11707.75461456443,251497.53590085576,263205.2905154202,47393.26844239948,59101.02305696391,265996.0198314021,14498.483930546352,Utica
2026-10-31,12,-12173.166071045844,251647.92955151424,263821.09562256007,48500.66085351075,60673.8269245566,267500.0,15852.070448485762,Utica
2026-11-30,13,-12638.897177089755,251800.0810827259,264438.97825981566,49610.53968319134,62249.43686028109,269012.4838911309,17212.402808404982,Utica
2026-12-31,14,-13105.309341047338,251953.98321758368,265059.29255863104,50722.54749182443,63827.85683287177,270533.5195860784,18579.53636849467,Utica
2027-01-31,15,-13572.687270167306,252109.62895103908,265682.3162212064,51836.40270799789,65409.08997816519,272063.15543798456,19953.526486945484,Utica
2027-02-28,16,-14041.255062831697,252267.01155143903,266308.26661427075,52951.88371106432,66993.13877389602,273601.4400733871,21334.42852194808,Utica
2027-03-31,17,-14511.18892372484,252426.1245620724,266937.31348579726,54068.81625408458,68580.00517780942,275148.42239376553,22722.297831693108,Utica
2027-04-30,18,-14982.627210542923,252586.96180272385,267569.5890132667,55187.06352624568,70169.6907367886,276704.15157709504,24117.189774371232,Utica
2027-05-31,19,-15455.678372235125,252749.51737123745,268205.19574347255,56306.5183008452,71762.19667308033,278268.6770794105,25519.159708173105,Utica
2027-06-30,20,-15930.427221264326,252913.7856450891,268844.21286635345,57427.09673116036,73357.52395242469,279842.0486363785,26928.262991289383,Utica
2027-07-31,21,-16406.939889517453,253079.7612829672,269486.7011724846,58548.73344836937,74955.67333788682,281424.3162648779,28344.554981910725,Utica
2027-08-31,22,-16885.267744120632,253247.43922636285,270132.7069704835,59671.3776882707,76556.64543239133,283015.53026459063,29768.091038227783,Utica
2027-09-30,23,-17365.450481438384,253416.81470116903,270782.2651826074,60794.99023089171,78160.44071233009,284615.74121960026,31198.926518431217,Utica
2027-10-31,24,-17847.51857172721,253587.88321928823,271435.40179101547,61919.54098238985,79767.05955411706,286224.99999999994,32637.11678071168,Utica
2027-11-30,25,-18331.49519071805,253760.64058025024,272092.1357709683,63045.00706445208,81376.50225517013,287843.3577635101,34082.71718325983,Utica
2027-12-31,26,-18817.39774580341,253935.08287283752,272752.4806186409,64171.37130468621,82988.76905048962,289470.86595710384,35535.783084266324,Utica
2028-01-31,27,-19305.239081906853,254111.2064767216,273416.4455586284,65298.62104385067,84603.86012575752,291107.5763186434,36996.36984192182,Utica
2028-02-29,28,-19795.02843425874,254289.0080641072,274084.0364983659,66426.74719342898,86221.77562768772,292753.5408785242,38464.53281441697,Utica
2028-03-31,29,-20286.77218119279,254468.48460138665,274755.25678257947,67555.7434910112,87842.515672204,294408.8119613291,39940.32735994243,Utica
2028-04-30,30,-20780.47443893281,254649.6333508028,275430.10778973566,68685.605911969,89466.08035090182,296073.4421874917,41423.808836688855,Utica
2028-05-31,31,-21276.137531529486,254832.4518721224,276108.58940365183,69816.33220462446,91092.46973615394,297747.4844749693,42915.032602846906,Utica
2028-06-30,32,-21773.762362149064,255016.9380243178,276790.70038646687,70947.9215229956,92721.68388514468,299430.992040925,44414.05401660724,Utica
2028-07-31,33,-22273.348706416524,255203.0899672589,277476.4386736754,72080.37413664078,94353.7228430573,301124.0184034193,45920.92843616051,Utica
2028-08-31,34,-22774.89544417105,255390.90616341465,278165.8016075857,73213.6912014217,95988.58664559276,302826.617383112,47435.711219697376,Utica
2028-09-30,35,-23278.400742558893,255580.38537956376,278858.78612212266,74347.87457840066,97626.27532095955,304538.8431049723,48958.45772540849,Utica
2028-10-31,36,-23783.862200675983,255771.52668851544,279555.38888919144,75482.92669077031,99266.7888914463,306260.74999999994,50489.22331148451,Utica
2028-11-30,37,-24291.27696382944,255964.32947083964,280255.6064346691,76618.85041083451,100910.12737466396,307992.39280695573,52028.06333611609,Utica
2028-12-31,38,-24800.64181379402,256158.7934166072,280959.4352304012,77755.64897073354,102556.29078452756,309733.8265741011,53575.03315749389,Utica
2029-01-31,39,-25311.953240100836,256354.91852713987,281666.8717672407,78893.32589193108,104205.27913203192,311485.1066609484,55130.188133808566,Utica
2029-02-28,40,-25825.20749633918,256552.7051167701,282377.9126131093,80031.88492952517,105857.09242586436,313246.2887400209,56693.58362325077,Utica
2029-03-31,41,-26340.40064461649,256752.1538146109,283092.5544592274,81171.33002827258,107511.73067288908,315017.4287986221,58265.274984011165,Utica
2029-04-30,42,-26857.528590661343,256953.26556633567,283810.794156997,82311.66528786835,109169.1938785297,316798.5831406161,59845.3175742804,Utica
2029-05-31,43,-27376.587111533096,257156.041635968,284532.6287475011,83452.89493553853,110829.48204707162,318589.8083882172,61433.76675224914,Utica
2029-06-30,44,-27897.5718774899,257360.4836076817,285258.0554851716,84595.023304411,112492.5951819009,320391.16148378974,63030.67787610803,Utica
2029-07-31,45,-28420.478469240406,257566.59338761095,285987.0718568514,85738.05481645258,114158.533285693,322202.6996916587,64636.10630404773,Utica
2029-08-31,46,-28945.30239154848,257774.3732056709,286719.6755972194,86881.99396901333,115827.2963605618,324024.4805999298,66250.1073942589,Utica
2029-09-30,47,-29472.039083955344,257983.8256173881,287455.86470134347,88026.84532422235,117498.88440817768,325856.5621223203,67872.7365049322,Utica
2029-10-31,48,-30000.68392922479,258194.9535057417,288195.63743496645,89172.6135006356,119173.2974298604,327699.00249999994,69504.04899425828,Utica
2029-11-30,49,-30531.23225998864,258407.76008301484,288938.9923430035,90319.30316666407,120850.53542665271,329551.86030344263,71144.10022042779,Utica
2029-12-31,50,-31063.67936397008,258622.2488926568,289685.9282566269,91466.91903540856,122530.59839937864,331415.1944342882,72792.9455416314,Utica
2030-01-31,51,-31598.02048808339,258838.42381115508,290436.4442992385,92615.46586060576,124213.48634868916,333289.06412721484,74450.64031605975,Utica
2030-02-28,52,-32134.250841645586,259056.2890499188,291190.5398915644,93764.9484334531,125899.19927509868,335173.5289518223,76117.23990190352,Utica
2030-03-31,53,-32672.3655988861,259275.84915717228,291948.2147560584,94915.37158012755,127587.73717901368,337068.64881452563,77792.79965735335,Utica
2030-04-30,54,-33212.359900902055,259497.1090198593,292709.46892076137,96066.74015985322,129279.10006075529,338974.4839604592,79477.3749405999,Utica
2030-05-31,55,-33754.22885717476,259720.0738655585,293474.3027227333,97219.05906340248,130973.28792057723,340891.09497539233,81171.02110983382,Utica
2030-06-30,56,-34297.967546739965,259944.7492644092,294242.71681114915,98372.33321194007,132670.30075868004,342818.54278765497,82873.79352324577,Utica
2030-07-31,57,-34843.57101908399,260171.1411310484,295014.7121501324,99526.56755613816,134370.13857522214,344756.8886700748,84585.7475390264,Utica
2030-08-31,58,-35391.0342948231,260399.2557265585,295790.29002138163,100681.76707550556,136072.80137032867,346706.1942419249,86306.93851536638,Utica
2030-09-30,59,-35940.35236621197,260629.09966042632,296569.4520266383,101837.9367778866,137778.28914409858,348666.5214708827,88037.42181045636,Utica
2030-10-31,60,-36491.52019751616,260860.6798925129,297352.20009002904,102995.08169909383,139486.60189661,350637.932675,89777.252782487,Utica
2030-11-30,61,-37044.532725277735,261094.0037350346,298138.5364603123,104153.2069026469,141197.73962792463,352620.4905246836,91526.48678964896,Utica
2030-12-31,62,-37599.38485849588,261329.07885455544,298928.4637130513,105312.31747959544,142911.70233809133,354614.2580446883,93285.17919013288,Utica
2031-01-31,63,-38156.07147874011,261565.9132739904,299721.9847527305,106472.41854840847,144628.4900271486,356619.29861611984,95053.38534212942,Utica
2031-02-28,64,-38714.58744021072,261804.51537462065,300519.1028148313,107633.51525491622,146348.10269512693,358635.6759784499,96831.16060382924,Utica
2031-03-31,65,-39274.92756975652,262044.89389811945,301319.821467876,108795.61277229384,148070.54034205037,360663.4542315424,98618.560333423,Utica
2031-04-30,66,-39837.08666685925,262287.05794859,302124.14461544924,109958.7163010787,149795.80296793795,362702.69783769135,100415.63988910137,Utica
2031-05-31,67,-40401.05950359127,262531.01699461485,302932.0764982061,111122.8310692134,151523.89057280467,364753.4716236698,102222.45462905496,Utica
2031-06-30,68,-40966.84082455232,262776.7808713163,303743.6216958687,112287.9623321101,153254.8031566624,366815.8407827908,104039.05991147448,Utica
2031-07-31,69,-41534.425346788805,263024.35978242947,304558.78512921825,113454.11537273176,154988.54071952056,368889.87087698,105865.51109455054,Utica
2031-08-31,70,-42103.8077597002,263273.7643023858,305377.572062086,114621.29550168634,156725.10326138654,370975.6278388596,107701.86353647384,Utica
2031-09-30,71,-42674.98272493424,263525.00537840946,306199.9881033437,115789.50805733196,158464.4907822662,373073.17797384446,109548.172595435,Utica
2031-10-31,72,-43247.94487627337,263778.0943326252,307026.0392088985,116958.75840589078,160206.70328216415,375182.5879622499,111404.49362962467,Utica
2031-11-30,73,-43822.688819514326,264033.04286417784,307855.7316836922,118129.05194156976,161951.74076108407,377303.92486141145,113270.88199723358,Utica
2031-12-31,74,-44399.20913234184,264289.8630513642,308689.07218370604,119300.394086687,163699.60321902885,379437.2561078165,115147.3930564523,Utica
2032-01-31,75,-44977.50036419777,264548.56735377666,309526.0677179744,120472.790291803,165450.29065600075,381582.64951924817,117034.08216547153,Utica
2032-02-29,76,-45557.55703614617,264809.16861445946,310366.72565060563,121646.2460358554,167203.80307200158,383740.1732969414,118931.00468248191,Utica
2032-03-31,77,-46139.37364073543,265071.6800620763,311211.0537028117,122820.76682629736,168960.1404670328,385909.8960277504,120838.21596567411,Utica
2032-04-30,78,-46722.94464185738,265336.11531309097,312059.0599549484,123996.35819923812,170719.3028410955,388091.8866863297,122755.77137323878,Utica
2032-05-31,79,-47308.264474604366,265602.4883739601,312910.7528485644,125173.02571958618,172481.29019419054,390286.21463732666,124683.72626336657,Utica
2032-06-30,80,-47895.32754512419,265870.813643338,313766.14118846215,126350.7749811945,174246.1025263187,392492.9496375861,126622.13599424814,Utica
2032-07-31,81,-48484.12823047335,266141.1059142945,314625.23414476786,127529.61160700711,176013.73983748048,394712.16183836863,128571.05592407414,Utica
2032-08-31,82,-49074.66087846871,266413.38037654455,315488.04125501326,128709.5412492076,177784.2021276763,396943.9217875798,130530.54141103524,Utica
2032-09-30,83,-49666.91980753792,266687.65261869144,316354.57242622937,129890.56958936864,179557.48939690657,399188.3004320136,132500.6478133221,Utica
2032-10-31,84,-50260.89930656829,266963.938630482,317224.83793705027,131072.70233860324,181333.60164517155,401445.3691196074,134481.43048912537,Utica
2032-11-30,85,-50856.59363475494,267242.25480507454,318098.8484398295,132255.94523771646,183112.5388724714,403715.1996017102,136472.94479663568,Utica
2032-12-31,86,-51453.997021447285,267522.61794131994,318976.6149627672,133440.30405735906,184894.30107880637,405997.86403536366,138475.24609404372,Utica
2033-01-31,87,-52053.10366599501,267805.04524605547,319858.14891205047,134625.7845981815,186678.8882641765,408293.4349855956,140488.38973954014,Utica
2033-02-28,88,-52653.90773759288,268089.55433641165,320743.4620740045,135812.3926909891,188466.300428582,410601.9854277272,142512.43109131558,Utica
2033-03-31,89,-53256.403375124326,268376.16324213217,321632.5666172565,137000.13419689855,190256.53757202288,412923.5887496929,144547.42550756072,Utica
2033-04-30,90,-53860.58468700448,268664.8904079066,322525.47509491106,138189.01500749477,192049.59969449925,415258.3187543728,146593.4283464662,Utica
2033-05-31,91,-54466.4457510222,268955.7546957168,323422.200446739,139379.04104498896,193845.4867960112,417606.2496619395,148650.4949662227,Utica
2033-06-30,92,-55073.98061418097,269248.77538719634,324322.7560013773,140570.21826237766,195644.19887655863,419967.4561122172,150718.68072502082,Utica
2033-07-31,93,-55683.18329253921,269543.9721860031,325227.1554785423,141762.55264360248,197445.7359361417,422342.0131670544,152798.04098105128,Utica
2033-08-31,94,-56294.04777104972,269841.3652202056,326135.41299125535,142956.05020371068,199250.0979747604,424729.9963127104,154888.6310925047,Utica
2033-09-30,95,-56906.56800339778,270140.97504468274,327047.5430480805,144150.71698901698,201057.2849924148,427131.4814622545,156990.50641757174,Utica
2033-10-31,96,-57520.737911839096,270442.82264353684,327963.56055537594,145346.55907726567,202867.2969891048,429546.5449579799,159103.72231444306,Utica
2033-11-30,97,-58136.55138703619,270746.9294325206,328883.48081955675,146543.58257779427,204680.1339648305,431975.2635738299,161228.33414130931,Utica
2033-12-31,98,-58754.00228789466,271053.31726147793,329807.3195493726,147741.79363169716,206495.79591959185,434417.7145178391,163364.39725636118,Utica
2034-01-31,99,-59373.08444139766,271362.008416798,330735.09285819565,148941.19841199124,208314.2828533889,436873.9754345873,165511.96701778928,Utica
2034-02-28,100,-59993.7916424404,271673.0256238838,331666.8172663242,150141.80312378128,210135.59476622168,439344.1244076681,167671.09878378428,Utica
2034-03-31,101,-60616.11765366307,271986.3920496345,332602.5097032975,151343.6140044271,211959.73165809017,441828.23996217136,169841.84791253685,Utica
2034-04-30,102,-61240.05620528341,272302.13130494126,333542.18751022464,152546.63732371095,213786.6935289944,444326.4010671789,172024.26976223764,Utica
2034-05-31,103,-61865.6009949283,272620.2674471979,334485.8684421262,153750.87938400597,215616.48037893427,446838.6871382752,174218.41969107732,Utica
2034-06-30,104,-62492.74568746399,272940.8249828259,335433.5706702899,154956.3465204459,217449.09220790988,449365.1780400724,176424.3530572465,Utica
2034-07-31,105,-63121.48391482621,273263.8288698123,336385.3127846385,156163.04510109502,219284.52901592123,451905.9540887482,178642.1252189359,Utica
2034-08-31,106,-63751.80927584876,273589.3045202639,337341.1137961127,157370.98152711953,221122.7908029683,454461.0960546,180871.7915343361,Utica
2034-09-30,107,-64383.715336091554,273917.27780297445,338300.99313906603,158580.16223295953,222963.87756905108,457030.6851646123,183113.40736163783,Utica
2034-10-31,108,-65017.19562766751,274247.7750460068,339264.97067367425,159790.59368650208,224807.7893141696,459614.8031050385,185367.02805903173,Utica
2034-11-30,109,-65652.2436490691,274580.8230392896,340233.0666883587,161002.28238925472,226654.52603832385,462213.5320239981,187632.7089847084,Utica
2034-12-31,110,-66288.85286499301,274916.4490372292,341205.3019022222,162215.23487652076,228504.08774151377,464826.9545340878,189910.5054968586,Utica
2035-01-31,111,-66927.01670616504,275254.6807613355,342181.6974675005,163429.4577175744,230356.47442373945,467455.1537150084,192200.47295367287,Utica
2035-02-28,112,-67566.7285691631,275595.54640286294,343162.274972026,164644.95751583774,232211.68608500084,470098.2131162049,194502.66671334195,Utica
2035-03-31,113,-68207.98181623983,275939.07462546683,344147.05644170666,165861.74090905814,234069.722725298,472756.2167595233,196817.14213405648,Utica
2035-04-30,114,-68850.76977514438,276285.2945678743,345136.0643430187,167079.81456948642,235930.5843446308,475429.24914188136,199143.95457400705,Utica
2035-05-31,115,-69495.08573894275,276634.2358465701,346129.32158551284,168299.18520405662,237794.27094299937,478117.3952379545,201483.1593913844,Utica
2035-06-30,116,-70140.92296583764,276985.9285584983,347126.8515243359,169519.85955456604,239660.78252040368,480820.7405028774,203834.81194437915,Utica
2035-07-31,117,-70788.2746789873,277340.4032837785,348128.6779627658,170741.8443978564,241530.1190768437,483539.3708749605,206198.967591182,Utica
2035-08-31,118,-71437.13406632325,277697.6910884385,349134.8251547618,171965.1465459962,243402.28061231945,486273.372778422,208575.68168998352,Utica
2035-09-30,119,-72087.4942803673,278057.82352716074,350145.3178075281,173189.7728464636,245277.2671268309,489022.8331261352,210965.00959897443,Utica
2035-10-31,120,-72739.34843804731,278420.8326460458,351160.18108409306,174415.7301823308,247155.0786203781,491787.8393223912,213367.00667634537,Utica
